segment_id	component_id	english_file	english_anchor	french_file	source_pdf	status	notes
ENSEG:W01:PDF007:0001	W01	source/english/tex/works/GAL1897_W01_PRELIMS.tex	% ENSEG:W01:PDF007:0001	source/french_diplomatic/tex/works/GAL1897_W01_PRELIMS.tex	007	translated_aligned	Modern-English segment aligned to the frozen French diplomatic source page; source topology retained.
ENSEG:W01:PDF012:0002	W01	source/english/tex/works/GAL1897_W01_PRELIMS.tex	% ENSEG:W01:PDF012:0002	source/french_diplomatic/tex/works/GAL1897_W01_PRELIMS.tex	012	translated_aligned	Modern-English segment aligned to the frozen French diplomatic source page; source topology retained.
ENSEG:W01:PDF015:0003	W01	source/english/tex/works/GAL1897_W01_PRELIMS.tex	% ENSEG:W01:PDF015:0003	source/french_diplomatic/tex/works/GAL1897_W01_PRELIMS.tex	015	translated_aligned	Modern-English segment aligned to the frozen French diplomatic source page; source topology retained.
ENSEG:W01:PDF019:0004	W01	source/english/tex/works/GAL1897_W01_PRELIMS.tex	% ENSEG:W01:PDF019:0004	source/french_diplomatic/tex/works/GAL1897_W01_PRELIMS.tex	019	translated_aligned	Modern-English segment aligned to the frozen French diplomatic source page; source topology retained.
ENSEG:W01:PDF021:0005	W01	source/english/tex/works/GAL1897_W01_PRELIMS.tex	% ENSEG:W01:PDF021:0005	source/french_diplomatic/tex/works/GAL1897_W01_PRELIMS.tex	021	translated_aligned	Modern-English segment aligned to the frozen French diplomatic source page; source topology retained.
ENSEG:W02:PDF024:0001	W02	source/english/tex/works/GAL1897_W02_INTRODUCTION.tex	% ENSEG:W02:PDF024:0001	source/french_diplomatic/tex/works/GAL1897_W02_INTRODUCTION.tex	024	translated_aligned	Modern-English segment aligned to the frozen French diplomatic source page; source topology retained.
ENSEG:W02:PDF024:0002	W02	source/english/tex/works/GAL1897_W02_INTRODUCTION.tex	% ENSEG:W02:PDF024:0002	source/french_diplomatic/tex/works/GAL1897_W02_INTRODUCTION.tex	024	translated_aligned	Modern-English segment aligned to the frozen French diplomatic source page; source topology retained.
ENSEG:W02:PDF024:0003	W02	source/english/tex/works/GAL1897_W02_INTRODUCTION.tex	% ENSEG:W02:PDF024:0003	source/french_diplomatic/tex/works/GAL1897_W02_INTRODUCTION.tex	024	translated_aligned	Modern-English segment aligned to the frozen French diplomatic source page; source topology retained.
ENSEG:W02:PDF025:0004	W02	source/english/tex/works/GAL1897_W02_INTRODUCTION.tex	% ENSEG:W02:PDF025:0004	source/french_diplomatic/tex/works/GAL1897_W02_INTRODUCTION.tex	025	translated_aligned	Modern-English segment aligned to the frozen French diplomatic source page; source topology retained.
ENSEG:W02:PDF026:0005	W02	source/english/tex/works/GAL1897_W02_INTRODUCTION.tex	% ENSEG:W02:PDF026:0005	source/french_diplomatic/tex/works/GAL1897_W02_INTRODUCTION.tex	026	translated_aligned	Modern-English segment aligned to the frozen French diplomatic source page; source topology retained.
ENSEG:W02:PDF026:0006	W02	source/english/tex/works/GAL1897_W02_INTRODUCTION.tex	% ENSEG:W02:PDF026:0006	source/french_diplomatic/tex/works/GAL1897_W02_INTRODUCTION.tex	026	translated_aligned	Modern-English segment aligned to the frozen French diplomatic source page; source topology retained.
ENSEG:W02:PDF027:0007	W02	source/english/tex/works/GAL1897_W02_INTRODUCTION.tex	% ENSEG:W02:PDF027:0007	source/french_diplomatic/tex/works/GAL1897_W02_INTRODUCTION.tex	027	translated_aligned	Modern-English segment aligned to the frozen French diplomatic source page; source topology retained.
ENSEG:W02:PDF028:0008	W02	source/english/tex/works/GAL1897_W02_INTRODUCTION.tex	% ENSEG:W02:PDF028:0008	source/french_diplomatic/tex/works/GAL1897_W02_INTRODUCTION.tex	028	translated_aligned	Modern-English segment aligned to the frozen French diplomatic source page; source topology retained.
ENSEG:W03:PDF030:0001	W03	source/english/tex/works/GAL1897_W03_CONTINUED_FRACTIONS.tex	% ENSEG:W03:PDF030:0001	source/french_diplomatic/tex/works/GAL1897_W03_CONTINUED_FRACTIONS.tex	030	translated_aligned	Modern-English segment aligned to the frozen French diplomatic source page; source topology retained.
ENSEG:W03:PDF030:0002	W03	source/english/tex/works/GAL1897_W03_CONTINUED_FRACTIONS.tex	% ENSEG:W03:PDF030:0002	source/french_diplomatic/tex/works/GAL1897_W03_CONTINUED_FRACTIONS.tex	030	translated_aligned	Modern-English segment aligned to the frozen French diplomatic source page; source topology retained.
ENSEG:W03:PDF030:0003	W03	source/english/tex/works/GAL1897_W03_CONTINUED_FRACTIONS.tex	% ENSEG:W03:PDF030:0003	source/french_diplomatic/tex/works/GAL1897_W03_CONTINUED_FRACTIONS.tex	030	translated_aligned	Modern-English segment aligned to the frozen French diplomatic source page; source topology retained.
ENSEG:W03:PDF031:0004	W03	source/english/tex/works/GAL1897_W03_CONTINUED_FRACTIONS.tex	% ENSEG:W03:PDF031:0004	source/french_diplomatic/tex/works/GAL1897_W03_CONTINUED_FRACTIONS.tex	031	translated_aligned	Modern-English segment aligned to the frozen French diplomatic source page; source topology retained.
ENSEG:W03:PDF031:0005	W03	source/english/tex/works/GAL1897_W03_CONTINUED_FRACTIONS.tex	% ENSEG:W03:PDF031:0005	source/french_diplomatic/tex/works/GAL1897_W03_CONTINUED_FRACTIONS.tex	031	translated_aligned	Modern-English segment aligned to the frozen French diplomatic source page; source topology retained.
ENSEG:W03:PDF031:0006	W03	source/english/tex/works/GAL1897_W03_CONTINUED_FRACTIONS.tex	% ENSEG:W03:PDF031:0006	source/french_diplomatic/tex/works/GAL1897_W03_CONTINUED_FRACTIONS.tex	031	translated_aligned	Modern-English segment aligned to the frozen French diplomatic source page; source topology retained.
ENSEG:W03:PDF033:0007	W03	source/english/tex/works/GAL1897_W03_CONTINUED_FRACTIONS.tex	% ENSEG:W03:PDF033:0007	source/french_diplomatic/tex/works/GAL1897_W03_CONTINUED_FRACTIONS.tex	033	translated_aligned	Modern-English segment aligned to the frozen French diplomatic source page; source topology retained.
ENSEG:W03:PDF034:0008	W03	source/english/tex/works/GAL1897_W03_CONTINUED_FRACTIONS.tex	% ENSEG:W03:PDF034:0008	source/french_diplomatic/tex/works/GAL1897_W03_CONTINUED_FRACTIONS.tex	034	translated_aligned	Modern-English segment aligned to the frozen French diplomatic source page; source topology retained.
ENSEG:W03:PDF034:0009	W03	source/english/tex/works/GAL1897_W03_CONTINUED_FRACTIONS.tex	% ENSEG:W03:PDF034:0009	source/french_diplomatic/tex/works/GAL1897_W03_CONTINUED_FRACTIONS.tex	034	translated_aligned	Modern-English segment aligned to the frozen French diplomatic source page; source topology retained.
ENSEG:W03:PDF035:0010	W03	source/english/tex/works/GAL1897_W03_CONTINUED_FRACTIONS.tex	% ENSEG:W03:PDF035:0010	source/french_diplomatic/tex/works/GAL1897_W03_CONTINUED_FRACTIONS.tex	035	translated_aligned	Modern-English segment aligned to the frozen French diplomatic source page; source topology retained.
ENSEG:W03:PDF035:0011	W03	source/english/tex/works/GAL1897_W03_CONTINUED_FRACTIONS.tex	% ENSEG:W03:PDF035:0011	source/french_diplomatic/tex/works/GAL1897_W03_CONTINUED_FRACTIONS.tex	035	translated_aligned	Modern-English segment aligned to the frozen French diplomatic source page; source topology retained.
ENSEG:W03:PDF036:0012	W03	source/english/tex/works/GAL1897_W03_CONTINUED_FRACTIONS.tex	% ENSEG:W03:PDF036:0012	source/french_diplomatic/tex/works/GAL1897_W03_CONTINUED_FRACTIONS.tex	036	translated_aligned	Modern-English segment aligned to the frozen French diplomatic source page; source topology retained.
ENSEG:W04:PDF038:0001	W04	source/english/tex/works/GAL1897_W04_NOTES_ANALYSIS.tex	% ENSEG:W04:PDF038:0001	source/french_diplomatic/tex/works/GAL1897_W04_NOTES_ANALYSIS.tex	038	translated_aligned	Modern-English segment aligned to the frozen French diplomatic source page; source topology retained.
ENSEG:W04:PDF038:0002	W04	source/english/tex/works/GAL1897_W04_NOTES_ANALYSIS.tex	% ENSEG:W04:PDF038:0002	source/french_diplomatic/tex/works/GAL1897_W04_NOTES_ANALYSIS.tex	038	translated_aligned	Modern-English segment aligned to the frozen French diplomatic source page; source topology retained.
ENSEG:W04:PDF038:0003	W04	source/english/tex/works/GAL1897_W04_NOTES_ANALYSIS.tex	% ENSEG:W04:PDF038:0003	source/french_diplomatic/tex/works/GAL1897_W04_NOTES_ANALYSIS.tex	038	translated_aligned	Modern-English segment aligned to the frozen French diplomatic source page; source topology retained.
ENSEG:W04:PDF038:0004	W04	source/english/tex/works/GAL1897_W04_NOTES_ANALYSIS.tex	% ENSEG:W04:PDF038:0004	source/french_diplomatic/tex/works/GAL1897_W04_NOTES_ANALYSIS.tex	038	translated_aligned	Modern-English segment aligned to the frozen French diplomatic source page; source topology retained.
ENSEG:W04:PDF038:0005	W04	source/english/tex/works/GAL1897_W04_NOTES_ANALYSIS.tex	% ENSEG:W04:PDF038:0005	source/french_diplomatic/tex/works/GAL1897_W04_NOTES_ANALYSIS.tex	038	translated_aligned	Modern-English segment aligned to the frozen French diplomatic source page; source topology retained.
ENSEG:W04:PDF039:0006	W04	source/english/tex/works/GAL1897_W04_NOTES_ANALYSIS.tex	% ENSEG:W04:PDF039:0006	source/french_diplomatic/tex/works/GAL1897_W04_NOTES_ANALYSIS.tex	039	translated_aligned	Modern-English segment aligned to the frozen French diplomatic source page; source topology retained.
ENSEG:W04:PDF039:0007	W04	source/english/tex/works/GAL1897_W04_NOTES_ANALYSIS.tex	% ENSEG:W04:PDF039:0007	source/french_diplomatic/tex/works/GAL1897_W04_NOTES_ANALYSIS.tex	039	translated_aligned	Modern-English segment aligned to the frozen French diplomatic source page; source topology retained.
ENSEG:W05:PDF040:0001	W05	source/english/tex/works/GAL1897_W05_ALGEBRAIC_RESOLUTION_ANALYSIS.tex	% ENSEG:W05:PDF040:0001	source/french_diplomatic/tex/works/GAL1897_W05_ALGEBRAIC_RESOLUTION_ANALYSIS.tex	040	translated_aligned	Modern-English segment aligned to the frozen French diplomatic source page; source topology retained.
ENSEG:W05:PDF040:0002	W05	source/english/tex/works/GAL1897_W05_ALGEBRAIC_RESOLUTION_ANALYSIS.tex	% ENSEG:W05:PDF040:0002	source/french_diplomatic/tex/works/GAL1897_W05_ALGEBRAIC_RESOLUTION_ANALYSIS.tex	040	translated_aligned	Modern-English segment aligned to the frozen French diplomatic source page; source topology retained.
ENSEG:W05:PDF040:0003	W05	source/english/tex/works/GAL1897_W05_ALGEBRAIC_RESOLUTION_ANALYSIS.tex	% ENSEG:W05:PDF040:0003	source/french_diplomatic/tex/works/GAL1897_W05_ALGEBRAIC_RESOLUTION_ANALYSIS.tex	040	translated_aligned	Modern-English segment aligned to the frozen French diplomatic source page; source topology retained.
ENSEG:W05:PDF040:0004	W05	source/english/tex/works/GAL1897_W05_ALGEBRAIC_RESOLUTION_ANALYSIS.tex	% ENSEG:W05:PDF040:0004	source/french_diplomatic/tex/works/GAL1897_W05_ALGEBRAIC_RESOLUTION_ANALYSIS.tex	040	translated_aligned	Modern-English segment aligned to the frozen French diplomatic source page; source topology retained.
ENSEG:W05:PDF040:0005	W05	source/english/tex/works/GAL1897_W05_ALGEBRAIC_RESOLUTION_ANALYSIS.tex	% ENSEG:W05:PDF040:0005	source/french_diplomatic/tex/works/GAL1897_W05_ALGEBRAIC_RESOLUTION_ANALYSIS.tex	040	translated_aligned	Modern-English segment aligned to the frozen French diplomatic source page; source topology retained.
ENSEG:W05:PDF040:0006	W05	source/english/tex/works/GAL1897_W05_ALGEBRAIC_RESOLUTION_ANALYSIS.tex	% ENSEG:W05:PDF040:0006	source/french_diplomatic/tex/works/GAL1897_W05_ALGEBRAIC_RESOLUTION_ANALYSIS.tex	040	translated_aligned	Modern-English segment aligned to the frozen French diplomatic source page; source topology retained.
ENSEG:W05:PDF040:0007	W05	source/english/tex/works/GAL1897_W05_ALGEBRAIC_RESOLUTION_ANALYSIS.tex	% ENSEG:W05:PDF040:0007	source/french_diplomatic/tex/works/GAL1897_W05_ALGEBRAIC_RESOLUTION_ANALYSIS.tex	040	translated_aligned	Modern-English segment aligned to the frozen French diplomatic source page; source topology retained.
ENSEG:W05:PDF040:0008	W05	source/english/tex/works/GAL1897_W05_ALGEBRAIC_RESOLUTION_ANALYSIS.tex	% ENSEG:W05:PDF040:0008	source/french_diplomatic/tex/works/GAL1897_W05_ALGEBRAIC_RESOLUTION_ANALYSIS.tex	040	translated_aligned	Modern-English segment aligned to the frozen French diplomatic source page; source topology retained.
ENSEG:W05:PDF040:0009	W05	source/english/tex/works/GAL1897_W05_ALGEBRAIC_RESOLUTION_ANALYSIS.tex	% ENSEG:W05:PDF040:0009	source/french_diplomatic/tex/works/GAL1897_W05_ALGEBRAIC_RESOLUTION_ANALYSIS.tex	040	translated_aligned	Modern-English segment aligned to the frozen French diplomatic source page; source topology retained.
ENSEG:W05:PDF040:0010	W05	source/english/tex/works/GAL1897_W05_ALGEBRAIC_RESOLUTION_ANALYSIS.tex	% ENSEG:W05:PDF040:0010	source/french_diplomatic/tex/works/GAL1897_W05_ALGEBRAIC_RESOLUTION_ANALYSIS.tex	040	translated_aligned	Modern-English segment aligned to the frozen French diplomatic source page; source topology retained.
ENSEG:W05:PDF040:0011	W05	source/english/tex/works/GAL1897_W05_ALGEBRAIC_RESOLUTION_ANALYSIS.tex	% ENSEG:W05:PDF040:0011	source/french_diplomatic/tex/works/GAL1897_W05_ALGEBRAIC_RESOLUTION_ANALYSIS.tex	040	translated_aligned	Modern-English segment aligned to the frozen French diplomatic source page; source topology retained.
ENSEG:W05:PDF040:0012	W05	source/english/tex/works/GAL1897_W05_ALGEBRAIC_RESOLUTION_ANALYSIS.tex	% ENSEG:W05:PDF040:0012	source/french_diplomatic/tex/works/GAL1897_W05_ALGEBRAIC_RESOLUTION_ANALYSIS.tex	040	translated_aligned	Modern-English segment aligned to the frozen French diplomatic source page; source topology retained.
ENSEG:W05:PDF040:0013	W05	source/english/tex/works/GAL1897_W05_ALGEBRAIC_RESOLUTION_ANALYSIS.tex	% ENSEG:W05:PDF040:0013	source/french_diplomatic/tex/works/GAL1897_W05_ALGEBRAIC_RESOLUTION_ANALYSIS.tex	040	translated_aligned	Modern-English segment aligned to the frozen French diplomatic source page; source topology retained.
ENSEG:W05:PDF041:0014	W05	source/english/tex/works/GAL1897_W05_ALGEBRAIC_RESOLUTION_ANALYSIS.tex	% ENSEG:W05:PDF041:0014	source/french_diplomatic/tex/works/GAL1897_W05_ALGEBRAIC_RESOLUTION_ANALYSIS.tex	041	translated_aligned	Modern-English segment aligned to the frozen French diplomatic source page; source topology retained.
ENSEG:W05:PDF041:0015	W05	source/english/tex/works/GAL1897_W05_ALGEBRAIC_RESOLUTION_ANALYSIS.tex	% ENSEG:W05:PDF041:0015	source/french_diplomatic/tex/works/GAL1897_W05_ALGEBRAIC_RESOLUTION_ANALYSIS.tex	041	translated_aligned	Modern-English segment aligned to the frozen French diplomatic source page; source topology retained.
ENSEG:W05:PDF041:0016	W05	source/english/tex/works/GAL1897_W05_ALGEBRAIC_RESOLUTION_ANALYSIS.tex	% ENSEG:W05:PDF041:0016	source/french_diplomatic/tex/works/GAL1897_W05_ALGEBRAIC_RESOLUTION_ANALYSIS.tex	041	translated_aligned	Modern-English segment aligned to the frozen French diplomatic source page; source topology retained.
ENSEG:W05:PDF041:0017	W05	source/english/tex/works/GAL1897_W05_ALGEBRAIC_RESOLUTION_ANALYSIS.tex	% ENSEG:W05:PDF041:0017	source/french_diplomatic/tex/works/GAL1897_W05_ALGEBRAIC_RESOLUTION_ANALYSIS.tex	041	translated_aligned	Modern-English segment aligned to the frozen French diplomatic source page; source topology retained.
ENSEG:W05:PDF041:0018	W05	source/english/tex/works/GAL1897_W05_ALGEBRAIC_RESOLUTION_ANALYSIS.tex	% ENSEG:W05:PDF041:0018	source/french_diplomatic/tex/works/GAL1897_W05_ALGEBRAIC_RESOLUTION_ANALYSIS.tex	041	translated_aligned	Modern-English segment aligned to the frozen French diplomatic source page; source topology retained.
ENSEG:W05:PDF041:0019	W05	source/english/tex/works/GAL1897_W05_ALGEBRAIC_RESOLUTION_ANALYSIS.tex	% ENSEG:W05:PDF041:0019	source/french_diplomatic/tex/works/GAL1897_W05_ALGEBRAIC_RESOLUTION_ANALYSIS.tex	041	translated_aligned	Modern-English segment aligned to the frozen French diplomatic source page; source topology retained.
ENSEG:W05:PDF041:0020	W05	source/english/tex/works/GAL1897_W05_ALGEBRAIC_RESOLUTION_ANALYSIS.tex	% ENSEG:W05:PDF041:0020	source/french_diplomatic/tex/works/GAL1897_W05_ALGEBRAIC_RESOLUTION_ANALYSIS.tex	041	translated_aligned	Modern-English segment aligned to the frozen French diplomatic source page; source topology retained.
ENSEG:W05:PDF041:0021	W05	source/english/tex/works/GAL1897_W05_ALGEBRAIC_RESOLUTION_ANALYSIS.tex	% ENSEG:W05:PDF041:0021	source/french_diplomatic/tex/works/GAL1897_W05_ALGEBRAIC_RESOLUTION_ANALYSIS.tex	041	translated_aligned	Modern-English segment aligned to the frozen French diplomatic source page; source topology retained.
ENSEG:W06:PDF042:0001	W06	source/english/tex/works/GAL1897_W06_NUMERICAL_EQUATIONS.tex	% ENSEG:W06:PDF042:0001	source/french_diplomatic/tex/works/GAL1897_W06_NUMERICAL_EQUATIONS.tex	042	translated_aligned	Modern-English segment aligned to the frozen French diplomatic source page; source topology retained.
ENSEG:W06:PDF042:0002	W06	source/english/tex/works/GAL1897_W06_NUMERICAL_EQUATIONS.tex	% ENSEG:W06:PDF042:0002	source/french_diplomatic/tex/works/GAL1897_W06_NUMERICAL_EQUATIONS.tex	042	translated_aligned	Modern-English segment aligned to the frozen French diplomatic source page; source topology retained.
ENSEG:W06:PDF042:0003	W06	source/english/tex/works/GAL1897_W06_NUMERICAL_EQUATIONS.tex	% ENSEG:W06:PDF042:0003	source/french_diplomatic/tex/works/GAL1897_W06_NUMERICAL_EQUATIONS.tex	042	translated_aligned	Modern-English segment aligned to the frozen French diplomatic source page; source topology retained.
ENSEG:W06:PDF042:0004	W06	source/english/tex/works/GAL1897_W06_NUMERICAL_EQUATIONS.tex	% ENSEG:W06:PDF042:0004	source/french_diplomatic/tex/works/GAL1897_W06_NUMERICAL_EQUATIONS.tex	042	translated_aligned	Modern-English segment aligned to the frozen French diplomatic source page; source topology retained.
ENSEG:W06:PDF042:0005	W06	source/english/tex/works/GAL1897_W06_NUMERICAL_EQUATIONS.tex	% ENSEG:W06:PDF042:0005	source/french_diplomatic/tex/works/GAL1897_W06_NUMERICAL_EQUATIONS.tex	042	translated_aligned	Modern-English segment aligned to the frozen French diplomatic source page; source topology retained.
ENSEG:W06:PDF042:0006	W06	source/english/tex/works/GAL1897_W06_NUMERICAL_EQUATIONS.tex	% ENSEG:W06:PDF042:0006	source/french_diplomatic/tex/works/GAL1897_W06_NUMERICAL_EQUATIONS.tex	042	translated_aligned	Modern-English segment aligned to the frozen French diplomatic source page; source topology retained.
ENSEG:W06:PDF042:0007	W06	source/english/tex/works/GAL1897_W06_NUMERICAL_EQUATIONS.tex	% ENSEG:W06:PDF042:0007	source/french_diplomatic/tex/works/GAL1897_W06_NUMERICAL_EQUATIONS.tex	042	translated_aligned	Modern-English segment aligned to the frozen French diplomatic source page; source topology retained.
ENSEG:W06:PDF042:0008	W06	source/english/tex/works/GAL1897_W06_NUMERICAL_EQUATIONS.tex	% ENSEG:W06:PDF042:0008	source/french_diplomatic/tex/works/GAL1897_W06_NUMERICAL_EQUATIONS.tex	042	translated_aligned	Modern-English segment aligned to the frozen French diplomatic source page; source topology retained.
ENSEG:W06:PDF042:0009	W06	source/english/tex/works/GAL1897_W06_NUMERICAL_EQUATIONS.tex	% ENSEG:W06:PDF042:0009	source/french_diplomatic/tex/works/GAL1897_W06_NUMERICAL_EQUATIONS.tex	042	translated_aligned	Modern-English segment aligned to the frozen French diplomatic source page; source topology retained.
ENSEG:W06:PDF042:0010	W06	source/english/tex/works/GAL1897_W06_NUMERICAL_EQUATIONS.tex	% ENSEG:W06:PDF042:0010	source/french_diplomatic/tex/works/GAL1897_W06_NUMERICAL_EQUATIONS.tex	042	translated_aligned	Modern-English segment aligned to the frozen French diplomatic source page; source topology retained.
ENSEG:W06:PDF043:0011	W06	source/english/tex/works/GAL1897_W06_NUMERICAL_EQUATIONS.tex	% ENSEG:W06:PDF043:0011	source/french_diplomatic/tex/works/GAL1897_W06_NUMERICAL_EQUATIONS.tex	043	translated_aligned	Modern-English segment aligned to the frozen French diplomatic source page; source topology retained.
ENSEG:W06:PDF043:0012	W06	source/english/tex/works/GAL1897_W06_NUMERICAL_EQUATIONS.tex	% ENSEG:W06:PDF043:0012	source/french_diplomatic/tex/works/GAL1897_W06_NUMERICAL_EQUATIONS.tex	043	translated_aligned	Modern-English segment aligned to the frozen French diplomatic source page; source topology retained.
ENSEG:W06:PDF043:0013	W06	source/english/tex/works/GAL1897_W06_NUMERICAL_EQUATIONS.tex	% ENSEG:W06:PDF043:0013	source/french_diplomatic/tex/works/GAL1897_W06_NUMERICAL_EQUATIONS.tex	043	translated_aligned	Modern-English segment aligned to the frozen French diplomatic source page; source topology retained.
ENSEG:W06:PDF043:0014	W06	source/english/tex/works/GAL1897_W06_NUMERICAL_EQUATIONS.tex	% ENSEG:W06:PDF043:0014	source/french_diplomatic/tex/works/GAL1897_W06_NUMERICAL_EQUATIONS.tex	043	translated_aligned	Modern-English segment aligned to the frozen French diplomatic source page; source topology retained.
ENSEG:W06:PDF043:0015	W06	source/english/tex/works/GAL1897_W06_NUMERICAL_EQUATIONS.tex	% ENSEG:W06:PDF043:0015	source/french_diplomatic/tex/works/GAL1897_W06_NUMERICAL_EQUATIONS.tex	043	translated_aligned	Modern-English segment aligned to the frozen French diplomatic source page; source topology retained.
ENSEG:W06:PDF043:0016	W06	source/english/tex/works/GAL1897_W06_NUMERICAL_EQUATIONS.tex	% ENSEG:W06:PDF043:0016	source/french_diplomatic/tex/works/GAL1897_W06_NUMERICAL_EQUATIONS.tex	043	translated_aligned	Modern-English segment aligned to the frozen French diplomatic source page; source topology retained.
ENSEG:W06:PDF043:0017	W06	source/english/tex/works/GAL1897_W06_NUMERICAL_EQUATIONS.tex	% ENSEG:W06:PDF043:0017	source/french_diplomatic/tex/works/GAL1897_W06_NUMERICAL_EQUATIONS.tex	043	translated_aligned	Modern-English segment aligned to the frozen French diplomatic source page; source topology retained.
ENSEG:W06:PDF043:0018	W06	source/english/tex/works/GAL1897_W06_NUMERICAL_EQUATIONS.tex	% ENSEG:W06:PDF043:0018	source/french_diplomatic/tex/works/GAL1897_W06_NUMERICAL_EQUATIONS.tex	043	translated_aligned	Modern-English segment aligned to the frozen French diplomatic source page; source topology retained.
ENSEG:W06:PDF043:0019	W06	source/english/tex/works/GAL1897_W06_NUMERICAL_EQUATIONS.tex	% ENSEG:W06:PDF043:0019	source/french_diplomatic/tex/works/GAL1897_W06_NUMERICAL_EQUATIONS.tex	043	translated_aligned	Modern-English segment aligned to the frozen French diplomatic source page; source topology retained.
ENSEG:W06:PDF043:0020	W06	source/english/tex/works/GAL1897_W06_NUMERICAL_EQUATIONS.tex	% ENSEG:W06:PDF043:0020	source/french_diplomatic/tex/works/GAL1897_W06_NUMERICAL_EQUATIONS.tex	043	translated_aligned	Modern-English segment aligned to the frozen French diplomatic source page; source topology retained.
ENSEG:W06:PDF043:0021	W06	source/english/tex/works/GAL1897_W06_NUMERICAL_EQUATIONS.tex	% ENSEG:W06:PDF043:0021	source/french_diplomatic/tex/works/GAL1897_W06_NUMERICAL_EQUATIONS.tex	043	translated_aligned	Modern-English segment aligned to the frozen French diplomatic source page; source topology retained.
ENSEG:W06:PDF043:0022	W06	source/english/tex/works/GAL1897_W06_NUMERICAL_EQUATIONS.tex	% ENSEG:W06:PDF043:0022	source/french_diplomatic/tex/works/GAL1897_W06_NUMERICAL_EQUATIONS.tex	043	translated_aligned	Modern-English segment aligned to the frozen French diplomatic source page; source topology retained.
ENSEG:W06:PDF043:0023	W06	source/english/tex/works/GAL1897_W06_NUMERICAL_EQUATIONS.tex	% ENSEG:W06:PDF043:0023	source/french_diplomatic/tex/works/GAL1897_W06_NUMERICAL_EQUATIONS.tex	043	translated_aligned	Modern-English segment aligned to the frozen French diplomatic source page; source topology retained.
ENSEG:W06:PDF043:0024	W06	source/english/tex/works/GAL1897_W06_NUMERICAL_EQUATIONS.tex	% ENSEG:W06:PDF043:0024	source/french_diplomatic/tex/works/GAL1897_W06_NUMERICAL_EQUATIONS.tex	043	translated_aligned	Modern-English segment aligned to the frozen French diplomatic source page; source topology retained.
ENSEG:W06:PDF043:0025	W06	source/english/tex/works/GAL1897_W06_NUMERICAL_EQUATIONS.tex	% ENSEG:W06:PDF043:0025	source/french_diplomatic/tex/works/GAL1897_W06_NUMERICAL_EQUATIONS.tex	043	translated_aligned	Modern-English segment aligned to the frozen French diplomatic source page; source topology retained.
ENSEG:W06:PDF043:0026	W06	source/english/tex/works/GAL1897_W06_NUMERICAL_EQUATIONS.tex	% ENSEG:W06:PDF043:0026	source/french_diplomatic/tex/works/GAL1897_W06_NUMERICAL_EQUATIONS.tex	043	translated_aligned	Modern-English segment aligned to the frozen French diplomatic source page; source topology retained.
ENSEG:W06:PDF043:0027	W06	source/english/tex/works/GAL1897_W06_NUMERICAL_EQUATIONS.tex	% ENSEG:W06:PDF043:0027	source/french_diplomatic/tex/works/GAL1897_W06_NUMERICAL_EQUATIONS.tex	043	translated_aligned	Modern-English segment aligned to the frozen French diplomatic source page; source topology retained.
ENSEG:W07:PDF044:0001	W07	source/english/tex/works/GAL1897_W07_NUMBER_THEORY.tex	% ENSEG:W07:PDF044:0001	source/french_diplomatic/tex/works/GAL1897_W07_NUMBER_THEORY.tex	044	translated_aligned	Modern-English segment aligned to the frozen French diplomatic source page; source topology retained.
ENSEG:W07:PDF044:0002	W07	source/english/tex/works/GAL1897_W07_NUMBER_THEORY.tex	% ENSEG:W07:PDF044:0002	source/french_diplomatic/tex/works/GAL1897_W07_NUMBER_THEORY.tex	044	translated_aligned	Modern-English segment aligned to the frozen French diplomatic source page; source topology retained.
ENSEG:W07:PDF044:0003	W07	source/english/tex/works/GAL1897_W07_NUMBER_THEORY.tex	% ENSEG:W07:PDF044:0003	source/french_diplomatic/tex/works/GAL1897_W07_NUMBER_THEORY.tex	044	translated_aligned	Modern-English segment aligned to the frozen French diplomatic source page; source topology retained.
ENSEG:W07:PDF044:0004	W07	source/english/tex/works/GAL1897_W07_NUMBER_THEORY.tex	% ENSEG:W07:PDF044:0004	source/french_diplomatic/tex/works/GAL1897_W07_NUMBER_THEORY.tex	044	translated_aligned	Modern-English segment aligned to the frozen French diplomatic source page; source topology retained.
ENSEG:W07:PDF044:0005	W07	source/english/tex/works/GAL1897_W07_NUMBER_THEORY.tex	% ENSEG:W07:PDF044:0005	source/french_diplomatic/tex/works/GAL1897_W07_NUMBER_THEORY.tex	044	translated_aligned	Modern-English segment aligned to the frozen French diplomatic source page; source topology retained.
ENSEG:W07:PDF044:0006	W07	source/english/tex/works/GAL1897_W07_NUMBER_THEORY.tex	% ENSEG:W07:PDF044:0006	source/french_diplomatic/tex/works/GAL1897_W07_NUMBER_THEORY.tex	044	translated_aligned	Modern-English segment aligned to the frozen French diplomatic source page; source topology retained.
ENSEG:W07:PDF044:0007	W07	source/english/tex/works/GAL1897_W07_NUMBER_THEORY.tex	% ENSEG:W07:PDF044:0007	source/french_diplomatic/tex/works/GAL1897_W07_NUMBER_THEORY.tex	044	translated_aligned	Modern-English segment aligned to the frozen French diplomatic source page; source topology retained.
ENSEG:W07:PDF044:0008	W07	source/english/tex/works/GAL1897_W07_NUMBER_THEORY.tex	% ENSEG:W07:PDF044:0008	source/french_diplomatic/tex/works/GAL1897_W07_NUMBER_THEORY.tex	044	translated_aligned	Modern-English segment aligned to the frozen French diplomatic source page; source topology retained.
ENSEG:W07:PDF044:0009	W07	source/english/tex/works/GAL1897_W07_NUMBER_THEORY.tex	% ENSEG:W07:PDF044:0009	source/french_diplomatic/tex/works/GAL1897_W07_NUMBER_THEORY.tex	044	translated_aligned	Modern-English segment aligned to the frozen French diplomatic source page; source topology retained.
ENSEG:W07:PDF044:0010	W07	source/english/tex/works/GAL1897_W07_NUMBER_THEORY.tex	% ENSEG:W07:PDF044:0010	source/french_diplomatic/tex/works/GAL1897_W07_NUMBER_THEORY.tex	044	translated_aligned	Modern-English segment aligned to the frozen French diplomatic source page; source topology retained.
ENSEG:W07:PDF045:0011	W07	source/english/tex/works/GAL1897_W07_NUMBER_THEORY.tex	% ENSEG:W07:PDF045:0011	source/french_diplomatic/tex/works/GAL1897_W07_NUMBER_THEORY.tex	045	translated_aligned	Modern-English segment aligned to the frozen French diplomatic source page; source topology retained.
ENSEG:W07:PDF045:0012	W07	source/english/tex/works/GAL1897_W07_NUMBER_THEORY.tex	% ENSEG:W07:PDF045:0012	source/french_diplomatic/tex/works/GAL1897_W07_NUMBER_THEORY.tex	045	translated_aligned	Modern-English segment aligned to the frozen French diplomatic source page; source topology retained.
ENSEG:W07:PDF045:0013	W07	source/english/tex/works/GAL1897_W07_NUMBER_THEORY.tex	% ENSEG:W07:PDF045:0013	source/french_diplomatic/tex/works/GAL1897_W07_NUMBER_THEORY.tex	045	translated_aligned	Modern-English segment aligned to the frozen French diplomatic source page; source topology retained.
ENSEG:W07:PDF045:0014	W07	source/english/tex/works/GAL1897_W07_NUMBER_THEORY.tex	% ENSEG:W07:PDF045:0014	source/french_diplomatic/tex/works/GAL1897_W07_NUMBER_THEORY.tex	045	translated_aligned	Modern-English segment aligned to the frozen French diplomatic source page; source topology retained.
ENSEG:W07:PDF045:0015	W07	source/english/tex/works/GAL1897_W07_NUMBER_THEORY.tex	% ENSEG:W07:PDF045:0015	source/french_diplomatic/tex/works/GAL1897_W07_NUMBER_THEORY.tex	045	translated_aligned	Modern-English segment aligned to the frozen French diplomatic source page; source topology retained.
ENSEG:W07:PDF045:0016	W07	source/english/tex/works/GAL1897_W07_NUMBER_THEORY.tex	% ENSEG:W07:PDF045:0016	source/french_diplomatic/tex/works/GAL1897_W07_NUMBER_THEORY.tex	045	translated_aligned	Modern-English segment aligned to the frozen French diplomatic source page; source topology retained.
ENSEG:W07:PDF045:0017	W07	source/english/tex/works/GAL1897_W07_NUMBER_THEORY.tex	% ENSEG:W07:PDF045:0017	source/french_diplomatic/tex/works/GAL1897_W07_NUMBER_THEORY.tex	045	translated_aligned	Modern-English segment aligned to the frozen French diplomatic source page; source topology retained.
ENSEG:W07:PDF045:0018	W07	source/english/tex/works/GAL1897_W07_NUMBER_THEORY.tex	% ENSEG:W07:PDF045:0018	source/french_diplomatic/tex/works/GAL1897_W07_NUMBER_THEORY.tex	045	translated_aligned	Modern-English segment aligned to the frozen French diplomatic source page; source topology retained.
ENSEG:W07:PDF045:0019	W07	source/english/tex/works/GAL1897_W07_NUMBER_THEORY.tex	% ENSEG:W07:PDF045:0019	source/french_diplomatic/tex/works/GAL1897_W07_NUMBER_THEORY.tex	045	translated_aligned	Modern-English segment aligned to the frozen French diplomatic source page; source topology retained.
ENSEG:W07:PDF045:0020	W07	source/english/tex/works/GAL1897_W07_NUMBER_THEORY.tex	% ENSEG:W07:PDF045:0020	source/french_diplomatic/tex/works/GAL1897_W07_NUMBER_THEORY.tex	045	translated_aligned	Modern-English segment aligned to the frozen French diplomatic source page; source topology retained.
ENSEG:W07:PDF046:0021	W07	source/english/tex/works/GAL1897_W07_NUMBER_THEORY.tex	% ENSEG:W07:PDF046:0021	source/french_diplomatic/tex/works/GAL1897_W07_NUMBER_THEORY.tex	046	translated_aligned	Modern-English segment aligned to the frozen French diplomatic source page; source topology retained.
ENSEG:W07:PDF046:0022	W07	source/english/tex/works/GAL1897_W07_NUMBER_THEORY.tex	% ENSEG:W07:PDF046:0022	source/french_diplomatic/tex/works/GAL1897_W07_NUMBER_THEORY.tex	046	translated_aligned	Modern-English segment aligned to the frozen French diplomatic source page; source topology retained.
ENSEG:W07:PDF046:0023	W07	source/english/tex/works/GAL1897_W07_NUMBER_THEORY.tex	% ENSEG:W07:PDF046:0023	source/french_diplomatic/tex/works/GAL1897_W07_NUMBER_THEORY.tex	046	translated_aligned	Modern-English segment aligned to the frozen French diplomatic source page; source topology retained.
ENSEG:W07:PDF046:0024	W07	source/english/tex/works/GAL1897_W07_NUMBER_THEORY.tex	% ENSEG:W07:PDF046:0024	source/french_diplomatic/tex/works/GAL1897_W07_NUMBER_THEORY.tex	046	translated_aligned	Modern-English segment aligned to the frozen French diplomatic source page; source topology retained.
ENSEG:W07:PDF046:0025	W07	source/english/tex/works/GAL1897_W07_NUMBER_THEORY.tex	% ENSEG:W07:PDF046:0025	source/french_diplomatic/tex/works/GAL1897_W07_NUMBER_THEORY.tex	046	translated_aligned	Modern-English segment aligned to the frozen French diplomatic source page; source topology retained.
ENSEG:W07:PDF046:0026	W07	source/english/tex/works/GAL1897_W07_NUMBER_THEORY.tex	% ENSEG:W07:PDF046:0026	source/french_diplomatic/tex/works/GAL1897_W07_NUMBER_THEORY.tex	046	translated_aligned	Modern-English segment aligned to the frozen French diplomatic source page; source topology retained.
ENSEG:W07:PDF046:0027	W07	source/english/tex/works/GAL1897_W07_NUMBER_THEORY.tex	% ENSEG:W07:PDF046:0027	source/french_diplomatic/tex/works/GAL1897_W07_NUMBER_THEORY.tex	046	translated_aligned	Modern-English segment aligned to the frozen French diplomatic source page; source topology retained.
ENSEG:W07:PDF046:0028	W07	source/english/tex/works/GAL1897_W07_NUMBER_THEORY.tex	% ENSEG:W07:PDF046:0028	source/french_diplomatic/tex/works/GAL1897_W07_NUMBER_THEORY.tex	046	translated_aligned	Modern-English segment aligned to the frozen French diplomatic source page; source topology retained.
ENSEG:W07:PDF046:0029	W07	source/english/tex/works/GAL1897_W07_NUMBER_THEORY.tex	% ENSEG:W07:PDF046:0029	source/french_diplomatic/tex/works/GAL1897_W07_NUMBER_THEORY.tex	046	translated_aligned	Modern-English segment aligned to the frozen French diplomatic source page; source topology retained.
ENSEG:W07:PDF046:0030	W07	source/english/tex/works/GAL1897_W07_NUMBER_THEORY.tex	% ENSEG:W07:PDF046:0030	source/french_diplomatic/tex/works/GAL1897_W07_NUMBER_THEORY.tex	046	translated_aligned	Modern-English segment aligned to the frozen French diplomatic source page; source topology retained.
ENSEG:W07:PDF046:0031	W07	source/english/tex/works/GAL1897_W07_NUMBER_THEORY.tex	% ENSEG:W07:PDF046:0031	source/french_diplomatic/tex/works/GAL1897_W07_NUMBER_THEORY.tex	046	translated_aligned	Modern-English segment aligned to the frozen French diplomatic source page; source topology retained.
ENSEG:W07:PDF046:0032	W07	source/english/tex/works/GAL1897_W07_NUMBER_THEORY.tex	% ENSEG:W07:PDF046:0032	source/french_diplomatic/tex/works/GAL1897_W07_NUMBER_THEORY.tex	046	translated_aligned	Modern-English segment aligned to the frozen French diplomatic source page; source topology retained.
ENSEG:W07:PDF046:0033	W07	source/english/tex/works/GAL1897_W07_NUMBER_THEORY.tex	% ENSEG:W07:PDF046:0033	source/french_diplomatic/tex/works/GAL1897_W07_NUMBER_THEORY.tex	046	translated_aligned	Modern-English segment aligned to the frozen French diplomatic source page; source topology retained.
ENSEG:W07:PDF046:0034	W07	source/english/tex/works/GAL1897_W07_NUMBER_THEORY.tex	% ENSEG:W07:PDF046:0034	source/french_diplomatic/tex/works/GAL1897_W07_NUMBER_THEORY.tex	046	translated_aligned	Modern-English segment aligned to the frozen French diplomatic source page; source topology retained.
ENSEG:W07:PDF046:0035	W07	source/english/tex/works/GAL1897_W07_NUMBER_THEORY.tex	% ENSEG:W07:PDF046:0035	source/french_diplomatic/tex/works/GAL1897_W07_NUMBER_THEORY.tex	046	translated_aligned	Modern-English segment aligned to the frozen French diplomatic source page; source topology retained.
ENSEG:W07:PDF046:0036	W07	source/english/tex/works/GAL1897_W07_NUMBER_THEORY.tex	% ENSEG:W07:PDF046:0036	source/french_diplomatic/tex/works/GAL1897_W07_NUMBER_THEORY.tex	046	translated_aligned	Modern-English segment aligned to the frozen French diplomatic source page; source topology retained.
ENSEG:W07:PDF046:0122	W07	source/english/tex/works/GAL1897_W07_NUMBER_THEORY.tex	% ENSEG:W07:PDF046:0122	source/french_diplomatic/tex/works/GAL1897_W07_NUMBER_THEORY.tex	046	translated_aligned	Modern-English segment aligned to the frozen French diplomatic source page; source topology retained.
ENSEG:W07:PDF047:0037	W07	source/english/tex/works/GAL1897_W07_NUMBER_THEORY.tex	% ENSEG:W07:PDF047:0037	source/french_diplomatic/tex/works/GAL1897_W07_NUMBER_THEORY.tex	047	translated_aligned	Modern-English segment aligned to the frozen French diplomatic source page; source topology retained.
ENSEG:W07:PDF047:0038	W07	source/english/tex/works/GAL1897_W07_NUMBER_THEORY.tex	% ENSEG:W07:PDF047:0038	source/french_diplomatic/tex/works/GAL1897_W07_NUMBER_THEORY.tex	047	translated_aligned	Modern-English segment aligned to the frozen French diplomatic source page; source topology retained.
ENSEG:W07:PDF047:0039	W07	source/english/tex/works/GAL1897_W07_NUMBER_THEORY.tex	% ENSEG:W07:PDF047:0039	source/french_diplomatic/tex/works/GAL1897_W07_NUMBER_THEORY.tex	047	translated_aligned	Modern-English segment aligned to the frozen French diplomatic source page; source topology retained.
ENSEG:W07:PDF047:0040	W07	source/english/tex/works/GAL1897_W07_NUMBER_THEORY.tex	% ENSEG:W07:PDF047:0040	source/french_diplomatic/tex/works/GAL1897_W07_NUMBER_THEORY.tex	047	translated_aligned	Modern-English segment aligned to the frozen French diplomatic source page; source topology retained.
ENSEG:W07:PDF047:0041	W07	source/english/tex/works/GAL1897_W07_NUMBER_THEORY.tex	% ENSEG:W07:PDF047:0041	source/french_diplomatic/tex/works/GAL1897_W07_NUMBER_THEORY.tex	047	translated_aligned	Modern-English segment aligned to the frozen French diplomatic source page; source topology retained.
ENSEG:W07:PDF047:0042	W07	source/english/tex/works/GAL1897_W07_NUMBER_THEORY.tex	% ENSEG:W07:PDF047:0042	source/french_diplomatic/tex/works/GAL1897_W07_NUMBER_THEORY.tex	047	translated_aligned	Modern-English segment aligned to the frozen French diplomatic source page; source topology retained.
ENSEG:W07:PDF047:0043	W07	source/english/tex/works/GAL1897_W07_NUMBER_THEORY.tex	% ENSEG:W07:PDF047:0043	source/french_diplomatic/tex/works/GAL1897_W07_NUMBER_THEORY.tex	047	translated_aligned	Modern-English segment aligned to the frozen French diplomatic source page; source topology retained.
ENSEG:W07:PDF047:0044	W07	source/english/tex/works/GAL1897_W07_NUMBER_THEORY.tex	% ENSEG:W07:PDF047:0044	source/french_diplomatic/tex/works/GAL1897_W07_NUMBER_THEORY.tex	047	translated_aligned	Modern-English segment aligned to the frozen French diplomatic source page; source topology retained.
ENSEG:W07:PDF047:0045	W07	source/english/tex/works/GAL1897_W07_NUMBER_THEORY.tex	% ENSEG:W07:PDF047:0045	source/french_diplomatic/tex/works/GAL1897_W07_NUMBER_THEORY.tex	047	translated_aligned	Modern-English segment aligned to the frozen French diplomatic source page; source topology retained.
ENSEG:W07:PDF047:0046	W07	source/english/tex/works/GAL1897_W07_NUMBER_THEORY.tex	% ENSEG:W07:PDF047:0046	source/french_diplomatic/tex/works/GAL1897_W07_NUMBER_THEORY.tex	047	translated_aligned	Modern-English segment aligned to the frozen French diplomatic source page; source topology retained.
ENSEG:W07:PDF047:0047	W07	source/english/tex/works/GAL1897_W07_NUMBER_THEORY.tex	% ENSEG:W07:PDF047:0047	source/french_diplomatic/tex/works/GAL1897_W07_NUMBER_THEORY.tex	047	translated_aligned	Modern-English segment aligned to the frozen French diplomatic source page; source topology retained.
ENSEG:W07:PDF047:0048	W07	source/english/tex/works/GAL1897_W07_NUMBER_THEORY.tex	% ENSEG:W07:PDF047:0048	source/french_diplomatic/tex/works/GAL1897_W07_NUMBER_THEORY.tex	047	translated_aligned	Modern-English segment aligned to the frozen French diplomatic source page; source topology retained.
ENSEG:W07:PDF047:0049	W07	source/english/tex/works/GAL1897_W07_NUMBER_THEORY.tex	% ENSEG:W07:PDF047:0049	source/french_diplomatic/tex/works/GAL1897_W07_NUMBER_THEORY.tex	047	translated_aligned	Modern-English segment aligned to the frozen French diplomatic source page; source topology retained.
ENSEG:W07:PDF047:0050	W07	source/english/tex/works/GAL1897_W07_NUMBER_THEORY.tex	% ENSEG:W07:PDF047:0050	source/french_diplomatic/tex/works/GAL1897_W07_NUMBER_THEORY.tex	047	translated_aligned	Modern-English segment aligned to the frozen French diplomatic source page; source topology retained.
ENSEG:W07:PDF047:0124	W07	source/english/tex/works/GAL1897_W07_NUMBER_THEORY.tex	% ENSEG:W07:PDF047:0124	source/french_diplomatic/tex/works/GAL1897_W07_NUMBER_THEORY.tex	047	translated_aligned	Modern-English segment aligned to the frozen French diplomatic source page; source topology retained.
ENSEG:W07:PDF047:0051	W07	source/english/tex/works/GAL1897_W07_NUMBER_THEORY.tex	% ENSEG:W07:PDF047:0051	source/french_diplomatic/tex/works/GAL1897_W07_NUMBER_THEORY.tex	047	translated_aligned	Modern-English segment aligned to the frozen French diplomatic source page; source topology retained.
ENSEG:W07:PDF047:0052	W07	source/english/tex/works/GAL1897_W07_NUMBER_THEORY.tex	% ENSEG:W07:PDF047:0052	source/french_diplomatic/tex/works/GAL1897_W07_NUMBER_THEORY.tex	047	translated_aligned	Modern-English segment aligned to the frozen French diplomatic source page; source topology retained.
ENSEG:W07:PDF047:0053	W07	source/english/tex/works/GAL1897_W07_NUMBER_THEORY.tex	% ENSEG:W07:PDF047:0053	source/french_diplomatic/tex/works/GAL1897_W07_NUMBER_THEORY.tex	047	translated_aligned	Modern-English segment aligned to the frozen French diplomatic source page; source topology retained.
ENSEG:W07:PDF047:0054	W07	source/english/tex/works/GAL1897_W07_NUMBER_THEORY.tex	% ENSEG:W07:PDF047:0054	source/french_diplomatic/tex/works/GAL1897_W07_NUMBER_THEORY.tex	047	translated_aligned	Modern-English segment aligned to the frozen French diplomatic source page; source topology retained.
ENSEG:W07:PDF048:0055	W07	source/english/tex/works/GAL1897_W07_NUMBER_THEORY.tex	% ENSEG:W07:PDF048:0055	source/french_diplomatic/tex/works/GAL1897_W07_NUMBER_THEORY.tex	048	translated_aligned	Modern-English segment aligned to the frozen French diplomatic source page; source topology retained.
ENSEG:W07:PDF048:0056	W07	source/english/tex/works/GAL1897_W07_NUMBER_THEORY.tex	% ENSEG:W07:PDF048:0056	source/french_diplomatic/tex/works/GAL1897_W07_NUMBER_THEORY.tex	048	translated_aligned	Modern-English segment aligned to the frozen French diplomatic source page; source topology retained.
ENSEG:W07:PDF048:0057	W07	source/english/tex/works/GAL1897_W07_NUMBER_THEORY.tex	% ENSEG:W07:PDF048:0057	source/french_diplomatic/tex/works/GAL1897_W07_NUMBER_THEORY.tex	048	translated_aligned	Modern-English segment aligned to the frozen French diplomatic source page; source topology retained.
ENSEG:W07:PDF048:0058	W07	source/english/tex/works/GAL1897_W07_NUMBER_THEORY.tex	% ENSEG:W07:PDF048:0058	source/french_diplomatic/tex/works/GAL1897_W07_NUMBER_THEORY.tex	048	translated_aligned	Modern-English segment aligned to the frozen French diplomatic source page; source topology retained.
ENSEG:W07:PDF048:0059	W07	source/english/tex/works/GAL1897_W07_NUMBER_THEORY.tex	% ENSEG:W07:PDF048:0059	source/french_diplomatic/tex/works/GAL1897_W07_NUMBER_THEORY.tex	048	translated_aligned	Modern-English segment aligned to the frozen French diplomatic source page; source topology retained.
ENSEG:W07:PDF048:0060	W07	source/english/tex/works/GAL1897_W07_NUMBER_THEORY.tex	% ENSEG:W07:PDF048:0060	source/french_diplomatic/tex/works/GAL1897_W07_NUMBER_THEORY.tex	048	translated_aligned	Modern-English segment aligned to the frozen French diplomatic source page; source topology retained.
ENSEG:W07:PDF048:0061	W07	source/english/tex/works/GAL1897_W07_NUMBER_THEORY.tex	% ENSEG:W07:PDF048:0061	source/french_diplomatic/tex/works/GAL1897_W07_NUMBER_THEORY.tex	048	translated_aligned	Modern-English segment aligned to the frozen French diplomatic source page; source topology retained.
ENSEG:W07:PDF048:0062	W07	source/english/tex/works/GAL1897_W07_NUMBER_THEORY.tex	% ENSEG:W07:PDF048:0062	source/french_diplomatic/tex/works/GAL1897_W07_NUMBER_THEORY.tex	048	translated_aligned	Modern-English segment aligned to the frozen French diplomatic source page; source topology retained.
ENSEG:W07:PDF048:0063	W07	source/english/tex/works/GAL1897_W07_NUMBER_THEORY.tex	% ENSEG:W07:PDF048:0063	source/french_diplomatic/tex/works/GAL1897_W07_NUMBER_THEORY.tex	048	translated_aligned	Modern-English segment aligned to the frozen French diplomatic source page; source topology retained.
ENSEG:W07:PDF048:0064	W07	source/english/tex/works/GAL1897_W07_NUMBER_THEORY.tex	% ENSEG:W07:PDF048:0064	source/french_diplomatic/tex/works/GAL1897_W07_NUMBER_THEORY.tex	048	translated_aligned	Modern-English segment aligned to the frozen French diplomatic source page; source topology retained.
ENSEG:W07:PDF048:0065	W07	source/english/tex/works/GAL1897_W07_NUMBER_THEORY.tex	% ENSEG:W07:PDF048:0065	source/french_diplomatic/tex/works/GAL1897_W07_NUMBER_THEORY.tex	048	translated_aligned	Modern-English segment aligned to the frozen French diplomatic source page; source topology retained.
ENSEG:W07:PDF048:0066	W07	source/english/tex/works/GAL1897_W07_NUMBER_THEORY.tex	% ENSEG:W07:PDF048:0066	source/french_diplomatic/tex/works/GAL1897_W07_NUMBER_THEORY.tex	048	translated_aligned	Modern-English segment aligned to the frozen French diplomatic source page; source topology retained.
ENSEG:W07:PDF048:0067	W07	source/english/tex/works/GAL1897_W07_NUMBER_THEORY.tex	% ENSEG:W07:PDF048:0067	source/french_diplomatic/tex/works/GAL1897_W07_NUMBER_THEORY.tex	048	translated_aligned	Modern-English segment aligned to the frozen French diplomatic source page; source topology retained.
ENSEG:W07:PDF048:0068	W07	source/english/tex/works/GAL1897_W07_NUMBER_THEORY.tex	% ENSEG:W07:PDF048:0068	source/french_diplomatic/tex/works/GAL1897_W07_NUMBER_THEORY.tex	048	translated_aligned	Modern-English segment aligned to the frozen French diplomatic source page; source topology retained.
ENSEG:W07:PDF048:0069	W07	source/english/tex/works/GAL1897_W07_NUMBER_THEORY.tex	% ENSEG:W07:PDF048:0069	source/french_diplomatic/tex/works/GAL1897_W07_NUMBER_THEORY.tex	048	translated_aligned	Modern-English segment aligned to the frozen French diplomatic source page; source topology retained.
ENSEG:W07:PDF048:0070	W07	source/english/tex/works/GAL1897_W07_NUMBER_THEORY.tex	% ENSEG:W07:PDF048:0070	source/french_diplomatic/tex/works/GAL1897_W07_NUMBER_THEORY.tex	048	translated_aligned	Modern-English segment aligned to the frozen French diplomatic source page; source topology retained.
ENSEG:W07:PDF048:0071	W07	source/english/tex/works/GAL1897_W07_NUMBER_THEORY.tex	% ENSEG:W07:PDF048:0071	source/french_diplomatic/tex/works/GAL1897_W07_NUMBER_THEORY.tex	048	translated_aligned	Modern-English segment aligned to the frozen French diplomatic source page; source topology retained.
ENSEG:W07:PDF048:0072	W07	source/english/tex/works/GAL1897_W07_NUMBER_THEORY.tex	% ENSEG:W07:PDF048:0072	source/french_diplomatic/tex/works/GAL1897_W07_NUMBER_THEORY.tex	048	translated_aligned	Modern-English segment aligned to the frozen French diplomatic source page; source topology retained.
ENSEG:W07:PDF049:0073	W07	source/english/tex/works/GAL1897_W07_NUMBER_THEORY.tex	% ENSEG:W07:PDF049:0073	source/french_diplomatic/tex/works/GAL1897_W07_NUMBER_THEORY.tex	049	translated_aligned	Modern-English segment aligned to the frozen French diplomatic source page; source topology retained.
ENSEG:W07:PDF049:0074	W07	source/english/tex/works/GAL1897_W07_NUMBER_THEORY.tex	% ENSEG:W07:PDF049:0074	source/french_diplomatic/tex/works/GAL1897_W07_NUMBER_THEORY.tex	049	translated_aligned	Modern-English segment aligned to the frozen French diplomatic source page; source topology retained.
ENSEG:W07:PDF049:0075	W07	source/english/tex/works/GAL1897_W07_NUMBER_THEORY.tex	% ENSEG:W07:PDF049:0075	source/french_diplomatic/tex/works/GAL1897_W07_NUMBER_THEORY.tex	049	translated_aligned	Modern-English segment aligned to the frozen French diplomatic source page; source topology retained.
ENSEG:W07:PDF049:0076	W07	source/english/tex/works/GAL1897_W07_NUMBER_THEORY.tex	% ENSEG:W07:PDF049:0076	source/french_diplomatic/tex/works/GAL1897_W07_NUMBER_THEORY.tex	049	translated_aligned	Modern-English segment aligned to the frozen French diplomatic source page; source topology retained.
ENSEG:W07:PDF049:0077	W07	source/english/tex/works/GAL1897_W07_NUMBER_THEORY.tex	% ENSEG:W07:PDF049:0077	source/french_diplomatic/tex/works/GAL1897_W07_NUMBER_THEORY.tex	049	translated_aligned	Modern-English segment aligned to the frozen French diplomatic source page; source topology retained.
ENSEG:W07:PDF049:0078	W07	source/english/tex/works/GAL1897_W07_NUMBER_THEORY.tex	% ENSEG:W07:PDF049:0078	source/french_diplomatic/tex/works/GAL1897_W07_NUMBER_THEORY.tex	049	translated_aligned	Modern-English segment aligned to the frozen French diplomatic source page; source topology retained.
ENSEG:W07:PDF049:0079	W07	source/english/tex/works/GAL1897_W07_NUMBER_THEORY.tex	% ENSEG:W07:PDF049:0079	source/french_diplomatic/tex/works/GAL1897_W07_NUMBER_THEORY.tex	049	translated_aligned	Modern-English segment aligned to the frozen French diplomatic source page; source topology retained.
ENSEG:W07:PDF049:0080	W07	source/english/tex/works/GAL1897_W07_NUMBER_THEORY.tex	% ENSEG:W07:PDF049:0080	source/french_diplomatic/tex/works/GAL1897_W07_NUMBER_THEORY.tex	049	translated_aligned	Modern-English segment aligned to the frozen French diplomatic source page; source topology retained.
ENSEG:W07:PDF049:0081	W07	source/english/tex/works/GAL1897_W07_NUMBER_THEORY.tex	% ENSEG:W07:PDF049:0081	source/french_diplomatic/tex/works/GAL1897_W07_NUMBER_THEORY.tex	049	translated_aligned	Modern-English segment aligned to the frozen French diplomatic source page; source topology retained.
ENSEG:W07:PDF049:0082	W07	source/english/tex/works/GAL1897_W07_NUMBER_THEORY.tex	% ENSEG:W07:PDF049:0082	source/french_diplomatic/tex/works/GAL1897_W07_NUMBER_THEORY.tex	049	translated_aligned	Modern-English segment aligned to the frozen French diplomatic source page; source topology retained.
ENSEG:W07:PDF049:0083	W07	source/english/tex/works/GAL1897_W07_NUMBER_THEORY.tex	% ENSEG:W07:PDF049:0083	source/french_diplomatic/tex/works/GAL1897_W07_NUMBER_THEORY.tex	049	translated_aligned	Modern-English segment aligned to the frozen French diplomatic source page; source topology retained.
ENSEG:W07:PDF049:0084	W07	source/english/tex/works/GAL1897_W07_NUMBER_THEORY.tex	% ENSEG:W07:PDF049:0084	source/french_diplomatic/tex/works/GAL1897_W07_NUMBER_THEORY.tex	049	translated_aligned	Modern-English segment aligned to the frozen French diplomatic source page; source topology retained.
ENSEG:W07:PDF049:0085	W07	source/english/tex/works/GAL1897_W07_NUMBER_THEORY.tex	% ENSEG:W07:PDF049:0085	source/french_diplomatic/tex/works/GAL1897_W07_NUMBER_THEORY.tex	049	translated_aligned	Modern-English segment aligned to the frozen French diplomatic source page; source topology retained.
ENSEG:W07:PDF049:0086	W07	source/english/tex/works/GAL1897_W07_NUMBER_THEORY.tex	% ENSEG:W07:PDF049:0086	source/french_diplomatic/tex/works/GAL1897_W07_NUMBER_THEORY.tex	049	translated_aligned	Modern-English segment aligned to the frozen French diplomatic source page; source topology retained.
ENSEG:W07:PDF049:0087	W07	source/english/tex/works/GAL1897_W07_NUMBER_THEORY.tex	% ENSEG:W07:PDF049:0087	source/french_diplomatic/tex/works/GAL1897_W07_NUMBER_THEORY.tex	049	translated_aligned	Modern-English segment aligned to the frozen French diplomatic source page; source topology retained.
ENSEG:W07:PDF049:0088	W07	source/english/tex/works/GAL1897_W07_NUMBER_THEORY.tex	% ENSEG:W07:PDF049:0088	source/french_diplomatic/tex/works/GAL1897_W07_NUMBER_THEORY.tex	049	translated_aligned	Modern-English segment aligned to the frozen French diplomatic source page; source topology retained.
ENSEG:W07:PDF049:0089	W07	source/english/tex/works/GAL1897_W07_NUMBER_THEORY.tex	% ENSEG:W07:PDF049:0089	source/french_diplomatic/tex/works/GAL1897_W07_NUMBER_THEORY.tex	049	translated_aligned	Modern-English segment aligned to the frozen French diplomatic source page; source topology retained.
ENSEG:W07:PDF049:0090	W07	source/english/tex/works/GAL1897_W07_NUMBER_THEORY.tex	% ENSEG:W07:PDF049:0090	source/french_diplomatic/tex/works/GAL1897_W07_NUMBER_THEORY.tex	049	translated_aligned	Modern-English segment aligned to the frozen French diplomatic source page; source topology retained.
ENSEG:W07:PDF049:0091	W07	source/english/tex/works/GAL1897_W07_NUMBER_THEORY.tex	% ENSEG:W07:PDF049:0091	source/french_diplomatic/tex/works/GAL1897_W07_NUMBER_THEORY.tex	049	translated_aligned	Modern-English segment aligned to the frozen French diplomatic source page; source topology retained.
ENSEG:W07:PDF049:0092	W07	source/english/tex/works/GAL1897_W07_NUMBER_THEORY.tex	% ENSEG:W07:PDF049:0092	source/french_diplomatic/tex/works/GAL1897_W07_NUMBER_THEORY.tex	049	translated_aligned	Modern-English segment aligned to the frozen French diplomatic source page; source topology retained.
ENSEG:W07:PDF049:0093	W07	source/english/tex/works/GAL1897_W07_NUMBER_THEORY.tex	% ENSEG:W07:PDF049:0093	source/french_diplomatic/tex/works/GAL1897_W07_NUMBER_THEORY.tex	049	translated_aligned	Modern-English segment aligned to the frozen French diplomatic source page; source topology retained.
ENSEG:W07:PDF049:0094	W07	source/english/tex/works/GAL1897_W07_NUMBER_THEORY.tex	% ENSEG:W07:PDF049:0094	source/french_diplomatic/tex/works/GAL1897_W07_NUMBER_THEORY.tex	049	translated_aligned	Modern-English segment aligned to the frozen French diplomatic source page; source topology retained.
ENSEG:W07:PDF049:0095	W07	source/english/tex/works/GAL1897_W07_NUMBER_THEORY.tex	% ENSEG:W07:PDF049:0095	source/french_diplomatic/tex/works/GAL1897_W07_NUMBER_THEORY.tex	049	translated_aligned	Modern-English segment aligned to the frozen French diplomatic source page; source topology retained.
ENSEG:W07:PDF050:0096	W07	source/english/tex/works/GAL1897_W07_NUMBER_THEORY.tex	% ENSEG:W07:PDF050:0096	source/french_diplomatic/tex/works/GAL1897_W07_NUMBER_THEORY.tex	050	translated_aligned	Modern-English segment aligned to the frozen French diplomatic source page; source topology retained.
ENSEG:W07:PDF050:0097	W07	source/english/tex/works/GAL1897_W07_NUMBER_THEORY.tex	% ENSEG:W07:PDF050:0097	source/french_diplomatic/tex/works/GAL1897_W07_NUMBER_THEORY.tex	050	translated_aligned	Modern-English segment aligned to the frozen French diplomatic source page; source topology retained.
ENSEG:W07:PDF050:0098	W07	source/english/tex/works/GAL1897_W07_NUMBER_THEORY.tex	% ENSEG:W07:PDF050:0098	source/french_diplomatic/tex/works/GAL1897_W07_NUMBER_THEORY.tex	050	translated_aligned	Modern-English segment aligned to the frozen French diplomatic source page; source topology retained.
ENSEG:W07:PDF050:0099	W07	source/english/tex/works/GAL1897_W07_NUMBER_THEORY.tex	% ENSEG:W07:PDF050:0099	source/french_diplomatic/tex/works/GAL1897_W07_NUMBER_THEORY.tex	050	translated_aligned	Modern-English segment aligned to the frozen French diplomatic source page; source topology retained.
ENSEG:W07:PDF050:0100	W07	source/english/tex/works/GAL1897_W07_NUMBER_THEORY.tex	% ENSEG:W07:PDF050:0100	source/french_diplomatic/tex/works/GAL1897_W07_NUMBER_THEORY.tex	050	translated_aligned	Modern-English segment aligned to the frozen French diplomatic source page; source topology retained.
ENSEG:W07:PDF050:0101	W07	source/english/tex/works/GAL1897_W07_NUMBER_THEORY.tex	% ENSEG:W07:PDF050:0101	source/french_diplomatic/tex/works/GAL1897_W07_NUMBER_THEORY.tex	050	translated_aligned	Modern-English segment aligned to the frozen French diplomatic source page; source topology retained.
ENSEG:W07:PDF050:0102	W07	source/english/tex/works/GAL1897_W07_NUMBER_THEORY.tex	% ENSEG:W07:PDF050:0102	source/french_diplomatic/tex/works/GAL1897_W07_NUMBER_THEORY.tex	050	translated_aligned	Modern-English segment aligned to the frozen French diplomatic source page; source topology retained.
ENSEG:W07:PDF050:0103	W07	source/english/tex/works/GAL1897_W07_NUMBER_THEORY.tex	% ENSEG:W07:PDF050:0103	source/french_diplomatic/tex/works/GAL1897_W07_NUMBER_THEORY.tex	050	translated_aligned	Modern-English segment aligned to the frozen French diplomatic source page; source topology retained.
ENSEG:W07:PDF050:0104	W07	source/english/tex/works/GAL1897_W07_NUMBER_THEORY.tex	% ENSEG:W07:PDF050:0104	source/french_diplomatic/tex/works/GAL1897_W07_NUMBER_THEORY.tex	050	translated_aligned	Modern-English segment aligned to the frozen French diplomatic source page; source topology retained.
ENSEG:W07:PDF050:0105	W07	source/english/tex/works/GAL1897_W07_NUMBER_THEORY.tex	% ENSEG:W07:PDF050:0105	source/french_diplomatic/tex/works/GAL1897_W07_NUMBER_THEORY.tex	050	translated_aligned	Modern-English segment aligned to the frozen French diplomatic source page; source topology retained.
ENSEG:W07:PDF050:0106	W07	source/english/tex/works/GAL1897_W07_NUMBER_THEORY.tex	% ENSEG:W07:PDF050:0106	source/french_diplomatic/tex/works/GAL1897_W07_NUMBER_THEORY.tex	050	translated_aligned	Modern-English segment aligned to the frozen French diplomatic source page; source topology retained.
ENSEG:W07:PDF050:0107	W07	source/english/tex/works/GAL1897_W07_NUMBER_THEORY.tex	% ENSEG:W07:PDF050:0107	source/french_diplomatic/tex/works/GAL1897_W07_NUMBER_THEORY.tex	050	translated_aligned	Modern-English segment aligned to the frozen French diplomatic source page; source topology retained.
ENSEG:W07:PDF050:0108	W07	source/english/tex/works/GAL1897_W07_NUMBER_THEORY.tex	% ENSEG:W07:PDF050:0108	source/french_diplomatic/tex/works/GAL1897_W07_NUMBER_THEORY.tex	050	translated_aligned	Modern-English segment aligned to the frozen French diplomatic source page; source topology retained.
ENSEG:W07:PDF050:0109	W07	source/english/tex/works/GAL1897_W07_NUMBER_THEORY.tex	% ENSEG:W07:PDF050:0109	source/french_diplomatic/tex/works/GAL1897_W07_NUMBER_THEORY.tex	050	translated_aligned	Modern-English segment aligned to the frozen French diplomatic source page; source topology retained.
ENSEG:W07:PDF051:0110	W07	source/english/tex/works/GAL1897_W07_NUMBER_THEORY.tex	% ENSEG:W07:PDF051:0110	source/french_diplomatic/tex/works/GAL1897_W07_NUMBER_THEORY.tex	051	translated_aligned	Modern-English segment aligned to the frozen French diplomatic source page; source topology retained.
ENSEG:W07:PDF051:0111	W07	source/english/tex/works/GAL1897_W07_NUMBER_THEORY.tex	% ENSEG:W07:PDF051:0111	source/french_diplomatic/tex/works/GAL1897_W07_NUMBER_THEORY.tex	051	translated_aligned	Modern-English segment aligned to the frozen French diplomatic source page; source topology retained.
ENSEG:W07:PDF051:0112	W07	source/english/tex/works/GAL1897_W07_NUMBER_THEORY.tex	% ENSEG:W07:PDF051:0112	source/french_diplomatic/tex/works/GAL1897_W07_NUMBER_THEORY.tex	051	translated_aligned	Modern-English segment aligned to the frozen French diplomatic source page; source topology retained.
ENSEG:W07:PDF051:0113	W07	source/english/tex/works/GAL1897_W07_NUMBER_THEORY.tex	% ENSEG:W07:PDF051:0113	source/french_diplomatic/tex/works/GAL1897_W07_NUMBER_THEORY.tex	051	translated_aligned	Modern-English segment aligned to the frozen French diplomatic source page; source topology retained.
ENSEG:W07:PDF051:0114	W07	source/english/tex/works/GAL1897_W07_NUMBER_THEORY.tex	% ENSEG:W07:PDF051:0114	source/french_diplomatic/tex/works/GAL1897_W07_NUMBER_THEORY.tex	051	translated_aligned	Modern-English segment aligned to the frozen French diplomatic source page; source topology retained.
ENSEG:W07:PDF051:0115	W07	source/english/tex/works/GAL1897_W07_NUMBER_THEORY.tex	% ENSEG:W07:PDF051:0115	source/french_diplomatic/tex/works/GAL1897_W07_NUMBER_THEORY.tex	051	translated_aligned	Modern-English segment aligned to the frozen French diplomatic source page; source topology retained.
ENSEG:W07:PDF051:0125	W07	source/english/tex/works/GAL1897_W07_NUMBER_THEORY.tex	% ENSEG:W07:PDF051:0125	source/french_diplomatic/tex/works/GAL1897_W07_NUMBER_THEORY.tex	051	translated_aligned	Modern-English segment aligned to the frozen French diplomatic source page; source topology retained.
ENSEG:W07:PDF051:0116	W07	source/english/tex/works/GAL1897_W07_NUMBER_THEORY.tex	% ENSEG:W07:PDF051:0116	source/french_diplomatic/tex/works/GAL1897_W07_NUMBER_THEORY.tex	051	translated_aligned	Modern-English segment aligned to the frozen French diplomatic source page; source topology retained.
ENSEG:W07:PDF051:0117	W07	source/english/tex/works/GAL1897_W07_NUMBER_THEORY.tex	% ENSEG:W07:PDF051:0117	source/french_diplomatic/tex/works/GAL1897_W07_NUMBER_THEORY.tex	051	translated_aligned	Modern-English segment aligned to the frozen French diplomatic source page; source topology retained.
ENSEG:W07:PDF051:0118	W07	source/english/tex/works/GAL1897_W07_NUMBER_THEORY.tex	% ENSEG:W07:PDF051:0118	source/french_diplomatic/tex/works/GAL1897_W07_NUMBER_THEORY.tex	051	translated_aligned	Modern-English segment aligned to the frozen French diplomatic source page; source topology retained.
ENSEG:W07:PDF051:0119	W07	source/english/tex/works/GAL1897_W07_NUMBER_THEORY.tex	% ENSEG:W07:PDF051:0119	source/french_diplomatic/tex/works/GAL1897_W07_NUMBER_THEORY.tex	051	translated_aligned	Modern-English segment aligned to the frozen French diplomatic source page; source topology retained.
ENSEG:W07:PDF052:0120	W07	source/english/tex/works/GAL1897_W07_NUMBER_THEORY.tex	% ENSEG:W07:PDF052:0120	source/french_diplomatic/tex/works/GAL1897_W07_NUMBER_THEORY.tex	052	translated_aligned	Modern-English segment aligned to the frozen French diplomatic source page; source topology retained.
ENSEG:W07:PDF052:0121	W07	source/english/tex/works/GAL1897_W07_NUMBER_THEORY.tex	% ENSEG:W07:PDF052:0121	source/french_diplomatic/tex/works/GAL1897_W07_NUMBER_THEORY.tex	052	translated_aligned	Modern-English segment aligned to the frozen French diplomatic source page; source topology retained.
ENSEG:W07:PDF052:0123	W07	source/english/tex/works/GAL1897_W07_NUMBER_THEORY.tex	% ENSEG:W07:PDF052:0123	source/french_diplomatic/tex/works/GAL1897_W07_NUMBER_THEORY.tex	052	translated_aligned	Modern-English segment aligned to the frozen French diplomatic source page; source topology retained.
ENSEG:W08:PDF054:0001	W08	source/english/tex/works/GAL1897_W08_CHEVALIER_LETTER.tex	% ENSEG:W08:PDF054:0001	source/french_diplomatic/tex/works/GAL1897_W08_CHEVALIER_LETTER.tex	054	translated_aligned	Modern-English segment aligned to the frozen French diplomatic source page; source topology retained.
ENSEG:W08:PDF054:0002	W08	source/english/tex/works/GAL1897_W08_CHEVALIER_LETTER.tex	% ENSEG:W08:PDF054:0002	source/french_diplomatic/tex/works/GAL1897_W08_CHEVALIER_LETTER.tex	054	translated_aligned	Modern-English segment aligned to the frozen French diplomatic source page; source topology retained.
ENSEG:W08:PDF054:0003	W08	source/english/tex/works/GAL1897_W08_CHEVALIER_LETTER.tex	% ENSEG:W08:PDF054:0003	source/french_diplomatic/tex/works/GAL1897_W08_CHEVALIER_LETTER.tex	054	translated_aligned	Modern-English segment aligned to the frozen French diplomatic source page; source topology retained.
ENSEG:W08:PDF054:0004	W08	source/english/tex/works/GAL1897_W08_CHEVALIER_LETTER.tex	% ENSEG:W08:PDF054:0004	source/french_diplomatic/tex/works/GAL1897_W08_CHEVALIER_LETTER.tex	054	translated_aligned	Modern-English segment aligned to the frozen French diplomatic source page; source topology retained.
ENSEG:W08:PDF054:0005	W08	source/english/tex/works/GAL1897_W08_CHEVALIER_LETTER.tex	% ENSEG:W08:PDF054:0005	source/french_diplomatic/tex/works/GAL1897_W08_CHEVALIER_LETTER.tex	054	translated_aligned	Modern-English segment aligned to the frozen French diplomatic source page; source topology retained.
ENSEG:W08:PDF054:0006	W08	source/english/tex/works/GAL1897_W08_CHEVALIER_LETTER.tex	% ENSEG:W08:PDF054:0006	source/french_diplomatic/tex/works/GAL1897_W08_CHEVALIER_LETTER.tex	054	translated_aligned	Modern-English segment aligned to the frozen French diplomatic source page; source topology retained.
ENSEG:W08:PDF054:0007	W08	source/english/tex/works/GAL1897_W08_CHEVALIER_LETTER.tex	% ENSEG:W08:PDF054:0007	source/french_diplomatic/tex/works/GAL1897_W08_CHEVALIER_LETTER.tex	054	translated_aligned	Modern-English segment aligned to the frozen French diplomatic source page; source topology retained.
ENSEG:W08:PDF054:0008	W08	source/english/tex/works/GAL1897_W08_CHEVALIER_LETTER.tex	% ENSEG:W08:PDF054:0008	source/french_diplomatic/tex/works/GAL1897_W08_CHEVALIER_LETTER.tex	054	translated_aligned	Modern-English segment aligned to the frozen French diplomatic source page; source topology retained.
ENSEG:W08:PDF054:0009	W08	source/english/tex/works/GAL1897_W08_CHEVALIER_LETTER.tex	% ENSEG:W08:PDF054:0009	source/french_diplomatic/tex/works/GAL1897_W08_CHEVALIER_LETTER.tex	054	translated_aligned	Modern-English segment aligned to the frozen French diplomatic source page; source topology retained.
ENSEG:W08:PDF054:0010	W08	source/english/tex/works/GAL1897_W08_CHEVALIER_LETTER.tex	% ENSEG:W08:PDF054:0010	source/french_diplomatic/tex/works/GAL1897_W08_CHEVALIER_LETTER.tex	054	translated_aligned	Modern-English segment aligned to the frozen French diplomatic source page; source topology retained.
ENSEG:W08:PDF054:0011	W08	source/english/tex/works/GAL1897_W08_CHEVALIER_LETTER.tex	% ENSEG:W08:PDF054:0011	source/french_diplomatic/tex/works/GAL1897_W08_CHEVALIER_LETTER.tex	054	translated_aligned	Modern-English segment aligned to the frozen French diplomatic source page; source topology retained.
ENSEG:W08:PDF054:0012	W08	source/english/tex/works/GAL1897_W08_CHEVALIER_LETTER.tex	% ENSEG:W08:PDF054:0012	source/french_diplomatic/tex/works/GAL1897_W08_CHEVALIER_LETTER.tex	054	translated_aligned	Modern-English segment aligned to the frozen French diplomatic source page; source topology retained.
ENSEG:W08:PDF055:0013	W08	source/english/tex/works/GAL1897_W08_CHEVALIER_LETTER.tex	% ENSEG:W08:PDF055:0013	source/french_diplomatic/tex/works/GAL1897_W08_CHEVALIER_LETTER.tex	055	translated_aligned	Modern-English segment aligned to the frozen French diplomatic source page; source topology retained.
ENSEG:W08:PDF055:0014	W08	source/english/tex/works/GAL1897_W08_CHEVALIER_LETTER.tex	% ENSEG:W08:PDF055:0014	source/french_diplomatic/tex/works/GAL1897_W08_CHEVALIER_LETTER.tex	055	translated_aligned	Modern-English segment aligned to the frozen French diplomatic source page; source topology retained.
ENSEG:W08:PDF055:0015	W08	source/english/tex/works/GAL1897_W08_CHEVALIER_LETTER.tex	% ENSEG:W08:PDF055:0015	source/french_diplomatic/tex/works/GAL1897_W08_CHEVALIER_LETTER.tex	055	translated_aligned	Modern-English segment aligned to the frozen French diplomatic source page; source topology retained.
ENSEG:W08:PDF055:0016	W08	source/english/tex/works/GAL1897_W08_CHEVALIER_LETTER.tex	% ENSEG:W08:PDF055:0016	source/french_diplomatic/tex/works/GAL1897_W08_CHEVALIER_LETTER.tex	055	translated_aligned	Modern-English segment aligned to the frozen French diplomatic source page; source topology retained.
ENSEG:W08:PDF055:0017	W08	source/english/tex/works/GAL1897_W08_CHEVALIER_LETTER.tex	% ENSEG:W08:PDF055:0017	source/french_diplomatic/tex/works/GAL1897_W08_CHEVALIER_LETTER.tex	055	translated_aligned	Modern-English segment aligned to the frozen French diplomatic source page; source topology retained.
ENSEG:W08:PDF055:0018	W08	source/english/tex/works/GAL1897_W08_CHEVALIER_LETTER.tex	% ENSEG:W08:PDF055:0018	source/french_diplomatic/tex/works/GAL1897_W08_CHEVALIER_LETTER.tex	055	translated_aligned	Modern-English segment aligned to the frozen French diplomatic source page; source topology retained.
ENSEG:W08:PDF055:0019	W08	source/english/tex/works/GAL1897_W08_CHEVALIER_LETTER.tex	% ENSEG:W08:PDF055:0019	source/french_diplomatic/tex/works/GAL1897_W08_CHEVALIER_LETTER.tex	055	translated_aligned	Modern-English segment aligned to the frozen French diplomatic source page; source topology retained.
ENSEG:W08:PDF055:0020	W08	source/english/tex/works/GAL1897_W08_CHEVALIER_LETTER.tex	% ENSEG:W08:PDF055:0020	source/french_diplomatic/tex/works/GAL1897_W08_CHEVALIER_LETTER.tex	055	translated_aligned	Modern-English segment aligned to the frozen French diplomatic source page; source topology retained.
ENSEG:W08:PDF055:0021	W08	source/english/tex/works/GAL1897_W08_CHEVALIER_LETTER.tex	% ENSEG:W08:PDF055:0021	source/french_diplomatic/tex/works/GAL1897_W08_CHEVALIER_LETTER.tex	055	translated_aligned	Modern-English segment aligned to the frozen French diplomatic source page; source topology retained.
ENSEG:W08:PDF055:0022	W08	source/english/tex/works/GAL1897_W08_CHEVALIER_LETTER.tex	% ENSEG:W08:PDF055:0022	source/french_diplomatic/tex/works/GAL1897_W08_CHEVALIER_LETTER.tex	055	translated_aligned	Modern-English segment aligned to the frozen French diplomatic source page; source topology retained.
ENSEG:W08:PDF055:0023	W08	source/english/tex/works/GAL1897_W08_CHEVALIER_LETTER.tex	% ENSEG:W08:PDF055:0023	source/french_diplomatic/tex/works/GAL1897_W08_CHEVALIER_LETTER.tex	055	translated_aligned	Modern-English segment aligned to the frozen French diplomatic source page; source topology retained.
ENSEG:W08:PDF055:0024	W08	source/english/tex/works/GAL1897_W08_CHEVALIER_LETTER.tex	% ENSEG:W08:PDF055:0024	source/french_diplomatic/tex/works/GAL1897_W08_CHEVALIER_LETTER.tex	055	translated_aligned	Modern-English segment aligned to the frozen French diplomatic source page; source topology retained.
ENSEG:W08:PDF055:0025	W08	source/english/tex/works/GAL1897_W08_CHEVALIER_LETTER.tex	% ENSEG:W08:PDF055:0025	source/french_diplomatic/tex/works/GAL1897_W08_CHEVALIER_LETTER.tex	055	translated_aligned	Modern-English segment aligned to the frozen French diplomatic source page; source topology retained.
ENSEG:W08:PDF055:0026	W08	source/english/tex/works/GAL1897_W08_CHEVALIER_LETTER.tex	% ENSEG:W08:PDF055:0026	source/french_diplomatic/tex/works/GAL1897_W08_CHEVALIER_LETTER.tex	055	translated_aligned	Modern-English segment aligned to the frozen French diplomatic source page; source topology retained.
ENSEG:W08:PDF056:0027	W08	source/english/tex/works/GAL1897_W08_CHEVALIER_LETTER.tex	% ENSEG:W08:PDF056:0027	source/french_diplomatic/tex/works/GAL1897_W08_CHEVALIER_LETTER.tex	056	translated_aligned	Modern-English segment aligned to the frozen French diplomatic source page; source topology retained.
ENSEG:W08:PDF056:0028	W08	source/english/tex/works/GAL1897_W08_CHEVALIER_LETTER.tex	% ENSEG:W08:PDF056:0028	source/french_diplomatic/tex/works/GAL1897_W08_CHEVALIER_LETTER.tex	056	translated_aligned	Modern-English segment aligned to the frozen French diplomatic source page; source topology retained.
ENSEG:W08:PDF056:0029	W08	source/english/tex/works/GAL1897_W08_CHEVALIER_LETTER.tex	% ENSEG:W08:PDF056:0029	source/french_diplomatic/tex/works/GAL1897_W08_CHEVALIER_LETTER.tex	056	translated_aligned	Modern-English segment aligned to the frozen French diplomatic source page; source topology retained.
ENSEG:W08:PDF056:0125	W08	source/english/tex/works/GAL1897_W08_CHEVALIER_LETTER.tex	% ENSEG:W08:PDF056:0125	source/french_diplomatic/tex/works/GAL1897_W08_CHEVALIER_LETTER.tex	056	translated_aligned	Modern-English segment aligned to the frozen French diplomatic source page; source topology retained.
ENSEG:W08:PDF056:0030	W08	source/english/tex/works/GAL1897_W08_CHEVALIER_LETTER.tex	% ENSEG:W08:PDF056:0030	source/french_diplomatic/tex/works/GAL1897_W08_CHEVALIER_LETTER.tex	056	translated_aligned	Modern-English segment aligned to the frozen French diplomatic source page; source topology retained.
ENSEG:W08:PDF056:0031	W08	source/english/tex/works/GAL1897_W08_CHEVALIER_LETTER.tex	% ENSEG:W08:PDF056:0031	source/french_diplomatic/tex/works/GAL1897_W08_CHEVALIER_LETTER.tex	056	translated_aligned	Modern-English segment aligned to the frozen French diplomatic source page; source topology retained.
ENSEG:W08:PDF056:0032	W08	source/english/tex/works/GAL1897_W08_CHEVALIER_LETTER.tex	% ENSEG:W08:PDF056:0032	source/french_diplomatic/tex/works/GAL1897_W08_CHEVALIER_LETTER.tex	056	translated_aligned	Modern-English segment aligned to the frozen French diplomatic source page; source topology retained.
ENSEG:W08:PDF056:0033	W08	source/english/tex/works/GAL1897_W08_CHEVALIER_LETTER.tex	% ENSEG:W08:PDF056:0033	source/french_diplomatic/tex/works/GAL1897_W08_CHEVALIER_LETTER.tex	056	translated_aligned	Modern-English segment aligned to the frozen French diplomatic source page; source topology retained.
ENSEG:W08:PDF056:0034	W08	source/english/tex/works/GAL1897_W08_CHEVALIER_LETTER.tex	% ENSEG:W08:PDF056:0034	source/french_diplomatic/tex/works/GAL1897_W08_CHEVALIER_LETTER.tex	056	translated_aligned	Modern-English segment aligned to the frozen French diplomatic source page; source topology retained.
ENSEG:W08:PDF056:0035	W08	source/english/tex/works/GAL1897_W08_CHEVALIER_LETTER.tex	% ENSEG:W08:PDF056:0035	source/french_diplomatic/tex/works/GAL1897_W08_CHEVALIER_LETTER.tex	056	translated_aligned	Modern-English segment aligned to the frozen French diplomatic source page; source topology retained.
ENSEG:W08:PDF056:0036	W08	source/english/tex/works/GAL1897_W08_CHEVALIER_LETTER.tex	% ENSEG:W08:PDF056:0036	source/french_diplomatic/tex/works/GAL1897_W08_CHEVALIER_LETTER.tex	056	translated_aligned	Modern-English segment aligned to the frozen French diplomatic source page; source topology retained.
ENSEG:W08:PDF056:0037	W08	source/english/tex/works/GAL1897_W08_CHEVALIER_LETTER.tex	% ENSEG:W08:PDF056:0037	source/french_diplomatic/tex/works/GAL1897_W08_CHEVALIER_LETTER.tex	056	translated_aligned	Modern-English segment aligned to the frozen French diplomatic source page; source topology retained.
ENSEG:W08:PDF056:0038	W08	source/english/tex/works/GAL1897_W08_CHEVALIER_LETTER.tex	% ENSEG:W08:PDF056:0038	source/french_diplomatic/tex/works/GAL1897_W08_CHEVALIER_LETTER.tex	056	translated_aligned	Modern-English segment aligned to the frozen French diplomatic source page; source topology retained.
ENSEG:W08:PDF056:0039	W08	source/english/tex/works/GAL1897_W08_CHEVALIER_LETTER.tex	% ENSEG:W08:PDF056:0039	source/french_diplomatic/tex/works/GAL1897_W08_CHEVALIER_LETTER.tex	056	translated_aligned	Modern-English segment aligned to the frozen French diplomatic source page; source topology retained.
ENSEG:W08:PDF056:0040	W08	source/english/tex/works/GAL1897_W08_CHEVALIER_LETTER.tex	% ENSEG:W08:PDF056:0040	source/french_diplomatic/tex/works/GAL1897_W08_CHEVALIER_LETTER.tex	056	translated_aligned	Modern-English segment aligned to the frozen French diplomatic source page; source topology retained.
ENSEG:W08:PDF056:0041	W08	source/english/tex/works/GAL1897_W08_CHEVALIER_LETTER.tex	% ENSEG:W08:PDF056:0041	source/french_diplomatic/tex/works/GAL1897_W08_CHEVALIER_LETTER.tex	056	translated_aligned	Modern-English segment aligned to the frozen French diplomatic source page; source topology retained.
ENSEG:W08:PDF056:0042	W08	source/english/tex/works/GAL1897_W08_CHEVALIER_LETTER.tex	% ENSEG:W08:PDF056:0042	source/french_diplomatic/tex/works/GAL1897_W08_CHEVALIER_LETTER.tex	056	translated_aligned	Modern-English segment aligned to the frozen French diplomatic source page; source topology retained.
ENSEG:W08:PDF057:0043	W08	source/english/tex/works/GAL1897_W08_CHEVALIER_LETTER.tex	% ENSEG:W08:PDF057:0043	source/french_diplomatic/tex/works/GAL1897_W08_CHEVALIER_LETTER.tex	057	translated_aligned	Modern-English segment aligned to the frozen French diplomatic source page; source topology retained.
ENSEG:W08:PDF057:0044	W08	source/english/tex/works/GAL1897_W08_CHEVALIER_LETTER.tex	% ENSEG:W08:PDF057:0044	source/french_diplomatic/tex/works/GAL1897_W08_CHEVALIER_LETTER.tex	057	translated_aligned	Modern-English segment aligned to the frozen French diplomatic source page; source topology retained.
ENSEG:W08:PDF057:0045	W08	source/english/tex/works/GAL1897_W08_CHEVALIER_LETTER.tex	% ENSEG:W08:PDF057:0045	source/french_diplomatic/tex/works/GAL1897_W08_CHEVALIER_LETTER.tex	057	translated_aligned	Modern-English segment aligned to the frozen French diplomatic source page; source topology retained.
ENSEG:W08:PDF057:0046	W08	source/english/tex/works/GAL1897_W08_CHEVALIER_LETTER.tex	% ENSEG:W08:PDF057:0046	source/french_diplomatic/tex/works/GAL1897_W08_CHEVALIER_LETTER.tex	057	translated_aligned	Modern-English segment aligned to the frozen French diplomatic source page; source topology retained.
ENSEG:W08:PDF057:0047	W08	source/english/tex/works/GAL1897_W08_CHEVALIER_LETTER.tex	% ENSEG:W08:PDF057:0047	source/french_diplomatic/tex/works/GAL1897_W08_CHEVALIER_LETTER.tex	057	translated_aligned	Modern-English segment aligned to the frozen French diplomatic source page; source topology retained.
ENSEG:W08:PDF057:0048	W08	source/english/tex/works/GAL1897_W08_CHEVALIER_LETTER.tex	% ENSEG:W08:PDF057:0048	source/french_diplomatic/tex/works/GAL1897_W08_CHEVALIER_LETTER.tex	057	translated_aligned	Modern-English segment aligned to the frozen French diplomatic source page; source topology retained.
ENSEG:W08:PDF057:0049	W08	source/english/tex/works/GAL1897_W08_CHEVALIER_LETTER.tex	% ENSEG:W08:PDF057:0049	source/french_diplomatic/tex/works/GAL1897_W08_CHEVALIER_LETTER.tex	057	translated_aligned	Modern-English segment aligned to the frozen French diplomatic source page; source topology retained.
ENSEG:W08:PDF057:0050	W08	source/english/tex/works/GAL1897_W08_CHEVALIER_LETTER.tex	% ENSEG:W08:PDF057:0050	source/french_diplomatic/tex/works/GAL1897_W08_CHEVALIER_LETTER.tex	057	translated_aligned	Modern-English segment aligned to the frozen French diplomatic source page; source topology retained.
ENSEG:W08:PDF057:0051	W08	source/english/tex/works/GAL1897_W08_CHEVALIER_LETTER.tex	% ENSEG:W08:PDF057:0051	source/french_diplomatic/tex/works/GAL1897_W08_CHEVALIER_LETTER.tex	057	translated_aligned	Modern-English segment aligned to the frozen French diplomatic source page; source topology retained.
ENSEG:W08:PDF057:0052	W08	source/english/tex/works/GAL1897_W08_CHEVALIER_LETTER.tex	% ENSEG:W08:PDF057:0052	source/french_diplomatic/tex/works/GAL1897_W08_CHEVALIER_LETTER.tex	057	translated_aligned	Modern-English segment aligned to the frozen French diplomatic source page; source topology retained.
ENSEG:W08:PDF057:0053	W08	source/english/tex/works/GAL1897_W08_CHEVALIER_LETTER.tex	% ENSEG:W08:PDF057:0053	source/french_diplomatic/tex/works/GAL1897_W08_CHEVALIER_LETTER.tex	057	translated_aligned	Modern-English segment aligned to the frozen French diplomatic source page; source topology retained.
ENSEG:W08:PDF057:0054	W08	source/english/tex/works/GAL1897_W08_CHEVALIER_LETTER.tex	% ENSEG:W08:PDF057:0054	source/french_diplomatic/tex/works/GAL1897_W08_CHEVALIER_LETTER.tex	057	translated_aligned	Modern-English segment aligned to the frozen French diplomatic source page; source topology retained.
ENSEG:W08:PDF057:0055	W08	source/english/tex/works/GAL1897_W08_CHEVALIER_LETTER.tex	% ENSEG:W08:PDF057:0055	source/french_diplomatic/tex/works/GAL1897_W08_CHEVALIER_LETTER.tex	057	translated_aligned	Modern-English segment aligned to the frozen French diplomatic source page; source topology retained.
ENSEG:W08:PDF057:0056	W08	source/english/tex/works/GAL1897_W08_CHEVALIER_LETTER.tex	% ENSEG:W08:PDF057:0056	source/french_diplomatic/tex/works/GAL1897_W08_CHEVALIER_LETTER.tex	057	translated_aligned	Modern-English segment aligned to the frozen French diplomatic source page; source topology retained.
ENSEG:W08:PDF057:0057	W08	source/english/tex/works/GAL1897_W08_CHEVALIER_LETTER.tex	% ENSEG:W08:PDF057:0057	source/french_diplomatic/tex/works/GAL1897_W08_CHEVALIER_LETTER.tex	057	translated_aligned	Modern-English segment aligned to the frozen French diplomatic source page; source topology retained.
ENSEG:W08:PDF057:0058	W08	source/english/tex/works/GAL1897_W08_CHEVALIER_LETTER.tex	% ENSEG:W08:PDF057:0058	source/french_diplomatic/tex/works/GAL1897_W08_CHEVALIER_LETTER.tex	057	translated_aligned	Modern-English segment aligned to the frozen French diplomatic source page; source topology retained.
ENSEG:W08:PDF057:0059	W08	source/english/tex/works/GAL1897_W08_CHEVALIER_LETTER.tex	% ENSEG:W08:PDF057:0059	source/french_diplomatic/tex/works/GAL1897_W08_CHEVALIER_LETTER.tex	057	translated_aligned	Modern-English segment aligned to the frozen French diplomatic source page; source topology retained.
ENSEG:W08:PDF057:0060	W08	source/english/tex/works/GAL1897_W08_CHEVALIER_LETTER.tex	% ENSEG:W08:PDF057:0060	source/french_diplomatic/tex/works/GAL1897_W08_CHEVALIER_LETTER.tex	057	translated_aligned	Modern-English segment aligned to the frozen French diplomatic source page; source topology retained.
ENSEG:W08:PDF057:0061	W08	source/english/tex/works/GAL1897_W08_CHEVALIER_LETTER.tex	% ENSEG:W08:PDF057:0061	source/french_diplomatic/tex/works/GAL1897_W08_CHEVALIER_LETTER.tex	057	translated_aligned	Modern-English segment aligned to the frozen French diplomatic source page; source topology retained.
ENSEG:W08:PDF058:0062	W08	source/english/tex/works/GAL1897_W08_CHEVALIER_LETTER.tex	% ENSEG:W08:PDF058:0062	source/french_diplomatic/tex/works/GAL1897_W08_CHEVALIER_LETTER.tex	058	translated_aligned	Modern-English segment aligned to the frozen French diplomatic source page; source topology retained.
ENSEG:W08:PDF058:0063	W08	source/english/tex/works/GAL1897_W08_CHEVALIER_LETTER.tex	% ENSEG:W08:PDF058:0063	source/french_diplomatic/tex/works/GAL1897_W08_CHEVALIER_LETTER.tex	058	translated_aligned	Modern-English segment aligned to the frozen French diplomatic source page; source topology retained.
ENSEG:W08:PDF058:0064	W08	source/english/tex/works/GAL1897_W08_CHEVALIER_LETTER.tex	% ENSEG:W08:PDF058:0064	source/french_diplomatic/tex/works/GAL1897_W08_CHEVALIER_LETTER.tex	058	translated_aligned	Modern-English segment aligned to the frozen French diplomatic source page; source topology retained.
ENSEG:W08:PDF058:0065	W08	source/english/tex/works/GAL1897_W08_CHEVALIER_LETTER.tex	% ENSEG:W08:PDF058:0065	source/french_diplomatic/tex/works/GAL1897_W08_CHEVALIER_LETTER.tex	058	translated_aligned	Modern-English segment aligned to the frozen French diplomatic source page; source topology retained.
ENSEG:W08:PDF058:0066	W08	source/english/tex/works/GAL1897_W08_CHEVALIER_LETTER.tex	% ENSEG:W08:PDF058:0066	source/french_diplomatic/tex/works/GAL1897_W08_CHEVALIER_LETTER.tex	058	translated_aligned	Modern-English segment aligned to the frozen French diplomatic source page; source topology retained.
ENSEG:W08:PDF058:0067	W08	source/english/tex/works/GAL1897_W08_CHEVALIER_LETTER.tex	% ENSEG:W08:PDF058:0067	source/french_diplomatic/tex/works/GAL1897_W08_CHEVALIER_LETTER.tex	058	translated_aligned	Modern-English segment aligned to the frozen French diplomatic source page; source topology retained.
ENSEG:W08:PDF058:0068	W08	source/english/tex/works/GAL1897_W08_CHEVALIER_LETTER.tex	% ENSEG:W08:PDF058:0068	source/french_diplomatic/tex/works/GAL1897_W08_CHEVALIER_LETTER.tex	058	translated_aligned	Modern-English segment aligned to the frozen French diplomatic source page; source topology retained.
ENSEG:W08:PDF058:0069	W08	source/english/tex/works/GAL1897_W08_CHEVALIER_LETTER.tex	% ENSEG:W08:PDF058:0069	source/french_diplomatic/tex/works/GAL1897_W08_CHEVALIER_LETTER.tex	058	translated_aligned	Modern-English segment aligned to the frozen French diplomatic source page; source topology retained.
ENSEG:W08:PDF058:0070	W08	source/english/tex/works/GAL1897_W08_CHEVALIER_LETTER.tex	% ENSEG:W08:PDF058:0070	source/french_diplomatic/tex/works/GAL1897_W08_CHEVALIER_LETTER.tex	058	translated_aligned	Modern-English segment aligned to the frozen French diplomatic source page; source topology retained.
ENSEG:W08:PDF058:0071	W08	source/english/tex/works/GAL1897_W08_CHEVALIER_LETTER.tex	% ENSEG:W08:PDF058:0071	source/french_diplomatic/tex/works/GAL1897_W08_CHEVALIER_LETTER.tex	058	translated_aligned	Modern-English segment aligned to the frozen French diplomatic source page; source topology retained.
ENSEG:W08:PDF058:0072	W08	source/english/tex/works/GAL1897_W08_CHEVALIER_LETTER.tex	% ENSEG:W08:PDF058:0072	source/french_diplomatic/tex/works/GAL1897_W08_CHEVALIER_LETTER.tex	058	translated_aligned	Modern-English segment aligned to the frozen French diplomatic source page; source topology retained.
ENSEG:W08:PDF058:0073	W08	source/english/tex/works/GAL1897_W08_CHEVALIER_LETTER.tex	% ENSEG:W08:PDF058:0073	source/french_diplomatic/tex/works/GAL1897_W08_CHEVALIER_LETTER.tex	058	translated_aligned	Modern-English segment aligned to the frozen French diplomatic source page; source topology retained.
ENSEG:W08:PDF058:0074	W08	source/english/tex/works/GAL1897_W08_CHEVALIER_LETTER.tex	% ENSEG:W08:PDF058:0074	source/french_diplomatic/tex/works/GAL1897_W08_CHEVALIER_LETTER.tex	058	translated_aligned	Modern-English segment aligned to the frozen French diplomatic source page; source topology retained.
ENSEG:W08:PDF058:0075	W08	source/english/tex/works/GAL1897_W08_CHEVALIER_LETTER.tex	% ENSEG:W08:PDF058:0075	source/french_diplomatic/tex/works/GAL1897_W08_CHEVALIER_LETTER.tex	058	translated_aligned	Modern-English segment aligned to the frozen French diplomatic source page; source topology retained.
ENSEG:W08:PDF058:0076	W08	source/english/tex/works/GAL1897_W08_CHEVALIER_LETTER.tex	% ENSEG:W08:PDF058:0076	source/french_diplomatic/tex/works/GAL1897_W08_CHEVALIER_LETTER.tex	058	translated_aligned	Modern-English segment aligned to the frozen French diplomatic source page; source topology retained.
ENSEG:W08:PDF058:0077	W08	source/english/tex/works/GAL1897_W08_CHEVALIER_LETTER.tex	% ENSEG:W08:PDF058:0077	source/french_diplomatic/tex/works/GAL1897_W08_CHEVALIER_LETTER.tex	058	translated_aligned	Modern-English segment aligned to the frozen French diplomatic source page; source topology retained.
ENSEG:W08:PDF058:0078	W08	source/english/tex/works/GAL1897_W08_CHEVALIER_LETTER.tex	% ENSEG:W08:PDF058:0078	source/french_diplomatic/tex/works/GAL1897_W08_CHEVALIER_LETTER.tex	058	translated_aligned	Modern-English segment aligned to the frozen French diplomatic source page; source topology retained.
ENSEG:W08:PDF058:0079	W08	source/english/tex/works/GAL1897_W08_CHEVALIER_LETTER.tex	% ENSEG:W08:PDF058:0079	source/french_diplomatic/tex/works/GAL1897_W08_CHEVALIER_LETTER.tex	058	translated_aligned	Modern-English segment aligned to the frozen French diplomatic source page; source topology retained.
ENSEG:W08:PDF058:0080	W08	source/english/tex/works/GAL1897_W08_CHEVALIER_LETTER.tex	% ENSEG:W08:PDF058:0080	source/french_diplomatic/tex/works/GAL1897_W08_CHEVALIER_LETTER.tex	058	translated_aligned	Modern-English segment aligned to the frozen French diplomatic source page; source topology retained.
ENSEG:W08:PDF058:0081	W08	source/english/tex/works/GAL1897_W08_CHEVALIER_LETTER.tex	% ENSEG:W08:PDF058:0081	source/french_diplomatic/tex/works/GAL1897_W08_CHEVALIER_LETTER.tex	058	translated_aligned	Modern-English segment aligned to the frozen French diplomatic source page; source topology retained.
ENSEG:W08:PDF058:0082	W08	source/english/tex/works/GAL1897_W08_CHEVALIER_LETTER.tex	% ENSEG:W08:PDF058:0082	source/french_diplomatic/tex/works/GAL1897_W08_CHEVALIER_LETTER.tex	058	translated_aligned	Modern-English segment aligned to the frozen French diplomatic source page; source topology retained.
ENSEG:W08:PDF058:0083	W08	source/english/tex/works/GAL1897_W08_CHEVALIER_LETTER.tex	% ENSEG:W08:PDF058:0083	source/french_diplomatic/tex/works/GAL1897_W08_CHEVALIER_LETTER.tex	058	translated_aligned	Modern-English segment aligned to the frozen French diplomatic source page; source topology retained.
ENSEG:W08:PDF059:0084	W08	source/english/tex/works/GAL1897_W08_CHEVALIER_LETTER.tex	% ENSEG:W08:PDF059:0084	source/french_diplomatic/tex/works/GAL1897_W08_CHEVALIER_LETTER.tex	059	translated_aligned	Modern-English segment aligned to the frozen French diplomatic source page; source topology retained.
ENSEG:W08:PDF059:0085	W08	source/english/tex/works/GAL1897_W08_CHEVALIER_LETTER.tex	% ENSEG:W08:PDF059:0085	source/french_diplomatic/tex/works/GAL1897_W08_CHEVALIER_LETTER.tex	059	translated_aligned	Modern-English segment aligned to the frozen French diplomatic source page; source topology retained.
ENSEG:W08:PDF059:0086	W08	source/english/tex/works/GAL1897_W08_CHEVALIER_LETTER.tex	% ENSEG:W08:PDF059:0086	source/french_diplomatic/tex/works/GAL1897_W08_CHEVALIER_LETTER.tex	059	translated_aligned	Modern-English segment aligned to the frozen French diplomatic source page; source topology retained.
ENSEG:W08:PDF059:0087	W08	source/english/tex/works/GAL1897_W08_CHEVALIER_LETTER.tex	% ENSEG:W08:PDF059:0087	source/french_diplomatic/tex/works/GAL1897_W08_CHEVALIER_LETTER.tex	059	translated_aligned	Modern-English segment aligned to the frozen French diplomatic source page; source topology retained.
ENSEG:W08:PDF059:0088	W08	source/english/tex/works/GAL1897_W08_CHEVALIER_LETTER.tex	% ENSEG:W08:PDF059:0088	source/french_diplomatic/tex/works/GAL1897_W08_CHEVALIER_LETTER.tex	059	translated_aligned	Modern-English segment aligned to the frozen French diplomatic source page; source topology retained.
ENSEG:W08:PDF059:0089	W08	source/english/tex/works/GAL1897_W08_CHEVALIER_LETTER.tex	% ENSEG:W08:PDF059:0089	source/french_diplomatic/tex/works/GAL1897_W08_CHEVALIER_LETTER.tex	059	translated_aligned	Modern-English segment aligned to the frozen French diplomatic source page; source topology retained.
ENSEG:W08:PDF059:0090	W08	source/english/tex/works/GAL1897_W08_CHEVALIER_LETTER.tex	% ENSEG:W08:PDF059:0090	source/french_diplomatic/tex/works/GAL1897_W08_CHEVALIER_LETTER.tex	059	translated_aligned	Modern-English segment aligned to the frozen French diplomatic source page; source topology retained.
ENSEG:W08:PDF059:0091	W08	source/english/tex/works/GAL1897_W08_CHEVALIER_LETTER.tex	% ENSEG:W08:PDF059:0091	source/french_diplomatic/tex/works/GAL1897_W08_CHEVALIER_LETTER.tex	059	translated_aligned	Modern-English segment aligned to the frozen French diplomatic source page; source topology retained.
ENSEG:W08:PDF059:0092	W08	source/english/tex/works/GAL1897_W08_CHEVALIER_LETTER.tex	% ENSEG:W08:PDF059:0092	source/french_diplomatic/tex/works/GAL1897_W08_CHEVALIER_LETTER.tex	059	translated_aligned	Modern-English segment aligned to the frozen French diplomatic source page; source topology retained.
ENSEG:W08:PDF059:0093	W08	source/english/tex/works/GAL1897_W08_CHEVALIER_LETTER.tex	% ENSEG:W08:PDF059:0093	source/french_diplomatic/tex/works/GAL1897_W08_CHEVALIER_LETTER.tex	059	translated_aligned	Modern-English segment aligned to the frozen French diplomatic source page; source topology retained.
ENSEG:W08:PDF059:0094	W08	source/english/tex/works/GAL1897_W08_CHEVALIER_LETTER.tex	% ENSEG:W08:PDF059:0094	source/french_diplomatic/tex/works/GAL1897_W08_CHEVALIER_LETTER.tex	059	translated_aligned	Modern-English segment aligned to the frozen French diplomatic source page; source topology retained.
ENSEG:W08:PDF059:0095	W08	source/english/tex/works/GAL1897_W08_CHEVALIER_LETTER.tex	% ENSEG:W08:PDF059:0095	source/french_diplomatic/tex/works/GAL1897_W08_CHEVALIER_LETTER.tex	059	translated_aligned	Modern-English segment aligned to the frozen French diplomatic source page; source topology retained.
ENSEG:W08:PDF059:0096	W08	source/english/tex/works/GAL1897_W08_CHEVALIER_LETTER.tex	% ENSEG:W08:PDF059:0096	source/french_diplomatic/tex/works/GAL1897_W08_CHEVALIER_LETTER.tex	059	translated_aligned	Modern-English segment aligned to the frozen French diplomatic source page; source topology retained.
ENSEG:W08:PDF059:0097	W08	source/english/tex/works/GAL1897_W08_CHEVALIER_LETTER.tex	% ENSEG:W08:PDF059:0097	source/french_diplomatic/tex/works/GAL1897_W08_CHEVALIER_LETTER.tex	059	translated_aligned	Modern-English segment aligned to the frozen French diplomatic source page; source topology retained.
ENSEG:W08:PDF059:0098	W08	source/english/tex/works/GAL1897_W08_CHEVALIER_LETTER.tex	% ENSEG:W08:PDF059:0098	source/french_diplomatic/tex/works/GAL1897_W08_CHEVALIER_LETTER.tex	059	translated_aligned	Modern-English segment aligned to the frozen French diplomatic source page; source topology retained.
ENSEG:W08:PDF059:0099	W08	source/english/tex/works/GAL1897_W08_CHEVALIER_LETTER.tex	% ENSEG:W08:PDF059:0099	source/french_diplomatic/tex/works/GAL1897_W08_CHEVALIER_LETTER.tex	059	translated_aligned	Modern-English segment aligned to the frozen French diplomatic source page; source topology retained.
ENSEG:W08:PDF059:0100	W08	source/english/tex/works/GAL1897_W08_CHEVALIER_LETTER.tex	% ENSEG:W08:PDF059:0100	source/french_diplomatic/tex/works/GAL1897_W08_CHEVALIER_LETTER.tex	059	translated_aligned	Modern-English segment aligned to the frozen French diplomatic source page; source topology retained.
ENSEG:W08:PDF059:0101	W08	source/english/tex/works/GAL1897_W08_CHEVALIER_LETTER.tex	% ENSEG:W08:PDF059:0101	source/french_diplomatic/tex/works/GAL1897_W08_CHEVALIER_LETTER.tex	059	translated_aligned	Modern-English segment aligned to the frozen French diplomatic source page; source topology retained.
ENSEG:W08:PDF059:0102	W08	source/english/tex/works/GAL1897_W08_CHEVALIER_LETTER.tex	% ENSEG:W08:PDF059:0102	source/french_diplomatic/tex/works/GAL1897_W08_CHEVALIER_LETTER.tex	059	translated_aligned	Modern-English segment aligned to the frozen French diplomatic source page; source topology retained.
ENSEG:W08:PDF060:0103	W08	source/english/tex/works/GAL1897_W08_CHEVALIER_LETTER.tex	% ENSEG:W08:PDF060:0103	source/french_diplomatic/tex/works/GAL1897_W08_CHEVALIER_LETTER.tex	060	translated_aligned	Modern-English segment aligned to the frozen French diplomatic source page; source topology retained.
ENSEG:W08:PDF060:0104	W08	source/english/tex/works/GAL1897_W08_CHEVALIER_LETTER.tex	% ENSEG:W08:PDF060:0104	source/french_diplomatic/tex/works/GAL1897_W08_CHEVALIER_LETTER.tex	060	translated_aligned	Modern-English segment aligned to the frozen French diplomatic source page; source topology retained.
ENSEG:W08:PDF060:0105	W08	source/english/tex/works/GAL1897_W08_CHEVALIER_LETTER.tex	% ENSEG:W08:PDF060:0105	source/french_diplomatic/tex/works/GAL1897_W08_CHEVALIER_LETTER.tex	060	translated_aligned	Modern-English segment aligned to the frozen French diplomatic source page; source topology retained.
ENSEG:W08:PDF060:0106	W08	source/english/tex/works/GAL1897_W08_CHEVALIER_LETTER.tex	% ENSEG:W08:PDF060:0106	source/french_diplomatic/tex/works/GAL1897_W08_CHEVALIER_LETTER.tex	060	translated_aligned	Modern-English segment aligned to the frozen French diplomatic source page; source topology retained.
ENSEG:W08:PDF060:0107	W08	source/english/tex/works/GAL1897_W08_CHEVALIER_LETTER.tex	% ENSEG:W08:PDF060:0107	source/french_diplomatic/tex/works/GAL1897_W08_CHEVALIER_LETTER.tex	060	translated_aligned	Modern-English segment aligned to the frozen French diplomatic source page; source topology retained.
ENSEG:W08:PDF060:0108	W08	source/english/tex/works/GAL1897_W08_CHEVALIER_LETTER.tex	% ENSEG:W08:PDF060:0108	source/french_diplomatic/tex/works/GAL1897_W08_CHEVALIER_LETTER.tex	060	translated_aligned	Modern-English segment aligned to the frozen French diplomatic source page; source topology retained.
ENSEG:W08:PDF060:0109	W08	source/english/tex/works/GAL1897_W08_CHEVALIER_LETTER.tex	% ENSEG:W08:PDF060:0109	source/french_diplomatic/tex/works/GAL1897_W08_CHEVALIER_LETTER.tex	060	translated_aligned	Modern-English segment aligned to the frozen French diplomatic source page; source topology retained.
ENSEG:W08:PDF060:0110	W08	source/english/tex/works/GAL1897_W08_CHEVALIER_LETTER.tex	% ENSEG:W08:PDF060:0110	source/french_diplomatic/tex/works/GAL1897_W08_CHEVALIER_LETTER.tex	060	translated_aligned	Modern-English segment aligned to the frozen French diplomatic source page; source topology retained.
ENSEG:W08:PDF060:0111	W08	source/english/tex/works/GAL1897_W08_CHEVALIER_LETTER.tex	% ENSEG:W08:PDF060:0111	source/french_diplomatic/tex/works/GAL1897_W08_CHEVALIER_LETTER.tex	060	translated_aligned	Modern-English segment aligned to the frozen French diplomatic source page; source topology retained.
ENSEG:W08:PDF060:0112	W08	source/english/tex/works/GAL1897_W08_CHEVALIER_LETTER.tex	% ENSEG:W08:PDF060:0112	source/french_diplomatic/tex/works/GAL1897_W08_CHEVALIER_LETTER.tex	060	translated_aligned	Modern-English segment aligned to the frozen French diplomatic source page; source topology retained.
ENSEG:W08:PDF060:0113	W08	source/english/tex/works/GAL1897_W08_CHEVALIER_LETTER.tex	% ENSEG:W08:PDF060:0113	source/french_diplomatic/tex/works/GAL1897_W08_CHEVALIER_LETTER.tex	060	translated_aligned	Modern-English segment aligned to the frozen French diplomatic source page; source topology retained.
ENSEG:W08:PDF060:0114	W08	source/english/tex/works/GAL1897_W08_CHEVALIER_LETTER.tex	% ENSEG:W08:PDF060:0114	source/french_diplomatic/tex/works/GAL1897_W08_CHEVALIER_LETTER.tex	060	translated_aligned	Modern-English segment aligned to the frozen French diplomatic source page; source topology retained.
ENSEG:W08:PDF060:0115	W08	source/english/tex/works/GAL1897_W08_CHEVALIER_LETTER.tex	% ENSEG:W08:PDF060:0115	source/french_diplomatic/tex/works/GAL1897_W08_CHEVALIER_LETTER.tex	060	translated_aligned	Modern-English segment aligned to the frozen French diplomatic source page; source topology retained.
ENSEG:W08:PDF061:0116	W08	source/english/tex/works/GAL1897_W08_CHEVALIER_LETTER.tex	% ENSEG:W08:PDF061:0116	source/french_diplomatic/tex/works/GAL1897_W08_CHEVALIER_LETTER.tex	061	translated_aligned	Modern-English segment aligned to the frozen French diplomatic source page; source topology retained.
ENSEG:W08:PDF061:0117	W08	source/english/tex/works/GAL1897_W08_CHEVALIER_LETTER.tex	% ENSEG:W08:PDF061:0117	source/french_diplomatic/tex/works/GAL1897_W08_CHEVALIER_LETTER.tex	061	translated_aligned	Modern-English segment aligned to the frozen French diplomatic source page; source topology retained.
ENSEG:W08:PDF061:0118	W08	source/english/tex/works/GAL1897_W08_CHEVALIER_LETTER.tex	% ENSEG:W08:PDF061:0118	source/french_diplomatic/tex/works/GAL1897_W08_CHEVALIER_LETTER.tex	061	translated_aligned	Modern-English segment aligned to the frozen French diplomatic source page; source topology retained.
ENSEG:W08:PDF061:0119	W08	source/english/tex/works/GAL1897_W08_CHEVALIER_LETTER.tex	% ENSEG:W08:PDF061:0119	source/french_diplomatic/tex/works/GAL1897_W08_CHEVALIER_LETTER.tex	061	translated_aligned	Modern-English segment aligned to the frozen French diplomatic source page; source topology retained.
ENSEG:W08:PDF061:0120	W08	source/english/tex/works/GAL1897_W08_CHEVALIER_LETTER.tex	% ENSEG:W08:PDF061:0120	source/french_diplomatic/tex/works/GAL1897_W08_CHEVALIER_LETTER.tex	061	translated_aligned	Modern-English segment aligned to the frozen French diplomatic source page; source topology retained.
ENSEG:W08:PDF061:0121	W08	source/english/tex/works/GAL1897_W08_CHEVALIER_LETTER.tex	% ENSEG:W08:PDF061:0121	source/french_diplomatic/tex/works/GAL1897_W08_CHEVALIER_LETTER.tex	061	translated_aligned	Modern-English segment aligned to the frozen French diplomatic source page; source topology retained.
ENSEG:W08:PDF061:0122	W08	source/english/tex/works/GAL1897_W08_CHEVALIER_LETTER.tex	% ENSEG:W08:PDF061:0122	source/french_diplomatic/tex/works/GAL1897_W08_CHEVALIER_LETTER.tex	061	translated_aligned	Modern-English segment aligned to the frozen French diplomatic source page; source topology retained.
ENSEG:W08:PDF061:0123	W08	source/english/tex/works/GAL1897_W08_CHEVALIER_LETTER.tex	% ENSEG:W08:PDF061:0123	source/french_diplomatic/tex/works/GAL1897_W08_CHEVALIER_LETTER.tex	061	translated_aligned	Modern-English segment aligned to the frozen French diplomatic source page; source topology retained.
ENSEG:W08:PDF061:0124	W08	source/english/tex/works/GAL1897_W08_CHEVALIER_LETTER.tex	% ENSEG:W08:PDF061:0124	source/french_diplomatic/tex/works/GAL1897_W08_CHEVALIER_LETTER.tex	061	translated_aligned	Modern-English segment aligned to the frozen French diplomatic source page; source topology retained.
ENSEG:W09:PDF062:0001	W09	source/english/tex/works/GAL1897_W09_RADICALS_MEMOIR.tex	% ENSEG:W09:PDF062:0001	source/french_diplomatic/tex/works/GAL1897_W09_RADICALS_MEMOIR.tex	062	translated_aligned	Modern-English segment aligned to the frozen French diplomatic source page; source topology retained.
ENSEG:W09:PDF062:0002	W09	source/english/tex/works/GAL1897_W09_RADICALS_MEMOIR.tex	% ENSEG:W09:PDF062:0002	source/french_diplomatic/tex/works/GAL1897_W09_RADICALS_MEMOIR.tex	062	translated_aligned	Modern-English segment aligned to the frozen French diplomatic source page; source topology retained.
ENSEG:W09:PDF062:0003	W09	source/english/tex/works/GAL1897_W09_RADICALS_MEMOIR.tex	% ENSEG:W09:PDF062:0003	source/french_diplomatic/tex/works/GAL1897_W09_RADICALS_MEMOIR.tex	062	translated_aligned	Modern-English segment aligned to the frozen French diplomatic source page; source topology retained.
ENSEG:W09:PDF062:0004	W09	source/english/tex/works/GAL1897_W09_RADICALS_MEMOIR.tex	% ENSEG:W09:PDF062:0004	source/french_diplomatic/tex/works/GAL1897_W09_RADICALS_MEMOIR.tex	062	translated_aligned	Modern-English segment aligned to the frozen French diplomatic source page; source topology retained.
ENSEG:W09:PDF063:0005	W09	source/english/tex/works/GAL1897_W09_RADICALS_MEMOIR.tex	% ENSEG:W09:PDF063:0005	source/french_diplomatic/tex/works/GAL1897_W09_RADICALS_MEMOIR.tex	063	translated_aligned	Modern-English segment aligned to the frozen French diplomatic source page; source topology retained.
ENSEG:W09:PDF063:0006	W09	source/english/tex/works/GAL1897_W09_RADICALS_MEMOIR.tex	% ENSEG:W09:PDF063:0006	source/french_diplomatic/tex/works/GAL1897_W09_RADICALS_MEMOIR.tex	063	translated_aligned	Modern-English segment aligned to the frozen French diplomatic source page; source topology retained.
ENSEG:W09:PDF063:0007	W09	source/english/tex/works/GAL1897_W09_RADICALS_MEMOIR.tex	% ENSEG:W09:PDF063:0007	source/french_diplomatic/tex/works/GAL1897_W09_RADICALS_MEMOIR.tex	063	translated_aligned	Modern-English segment aligned to the frozen French diplomatic source page; source topology retained.
ENSEG:W09:PDF063:0008	W09	source/english/tex/works/GAL1897_W09_RADICALS_MEMOIR.tex	% ENSEG:W09:PDF063:0008	source/french_diplomatic/tex/works/GAL1897_W09_RADICALS_MEMOIR.tex	063	translated_aligned	Modern-English segment aligned to the frozen French diplomatic source page; source topology retained.
ENSEG:W09:PDF063:0009	W09	source/english/tex/works/GAL1897_W09_RADICALS_MEMOIR.tex	% ENSEG:W09:PDF063:0009	source/french_diplomatic/tex/works/GAL1897_W09_RADICALS_MEMOIR.tex	063	translated_aligned	Modern-English segment aligned to the frozen French diplomatic source page; source topology retained.
ENSEG:W09:PDF063:0010	W09	source/english/tex/works/GAL1897_W09_RADICALS_MEMOIR.tex	% ENSEG:W09:PDF063:0010	source/french_diplomatic/tex/works/GAL1897_W09_RADICALS_MEMOIR.tex	063	translated_aligned	Modern-English segment aligned to the frozen French diplomatic source page; source topology retained.
ENSEG:W09:PDF063:0011	W09	source/english/tex/works/GAL1897_W09_RADICALS_MEMOIR.tex	% ENSEG:W09:PDF063:0011	source/french_diplomatic/tex/works/GAL1897_W09_RADICALS_MEMOIR.tex	063	translated_aligned	Modern-English segment aligned to the frozen French diplomatic source page; source topology retained.
ENSEG:W09:PDF063:0012	W09	source/english/tex/works/GAL1897_W09_RADICALS_MEMOIR.tex	% ENSEG:W09:PDF063:0012	source/french_diplomatic/tex/works/GAL1897_W09_RADICALS_MEMOIR.tex	063	translated_aligned	Modern-English segment aligned to the frozen French diplomatic source page; source topology retained.
ENSEG:W09:PDF063:0013	W09	source/english/tex/works/GAL1897_W09_RADICALS_MEMOIR.tex	% ENSEG:W09:PDF063:0013	source/french_diplomatic/tex/works/GAL1897_W09_RADICALS_MEMOIR.tex	063	translated_aligned	Modern-English segment aligned to the frozen French diplomatic source page; source topology retained.
ENSEG:W09:PDF063:0014	W09	source/english/tex/works/GAL1897_W09_RADICALS_MEMOIR.tex	% ENSEG:W09:PDF063:0014	source/french_diplomatic/tex/works/GAL1897_W09_RADICALS_MEMOIR.tex	063	translated_aligned	Modern-English segment aligned to the frozen French diplomatic source page; source topology retained.
ENSEG:W09:PDF063:0015	W09	source/english/tex/works/GAL1897_W09_RADICALS_MEMOIR.tex	% ENSEG:W09:PDF063:0015	source/french_diplomatic/tex/works/GAL1897_W09_RADICALS_MEMOIR.tex	063	translated_aligned	Modern-English segment aligned to the frozen French diplomatic source page; source topology retained.
ENSEG:W09:PDF063:0016	W09	source/english/tex/works/GAL1897_W09_RADICALS_MEMOIR.tex	% ENSEG:W09:PDF063:0016	source/french_diplomatic/tex/works/GAL1897_W09_RADICALS_MEMOIR.tex	063	translated_aligned	Modern-English segment aligned to the frozen French diplomatic source page; source topology retained.
ENSEG:W09:PDF064:0017	W09	source/english/tex/works/GAL1897_W09_RADICALS_MEMOIR.tex	% ENSEG:W09:PDF064:0017	source/french_diplomatic/tex/works/GAL1897_W09_RADICALS_MEMOIR.tex	064	translated_aligned	Modern-English segment aligned to the frozen French diplomatic source page; source topology retained.
ENSEG:W09:PDF064:0018	W09	source/english/tex/works/GAL1897_W09_RADICALS_MEMOIR.tex	% ENSEG:W09:PDF064:0018	source/french_diplomatic/tex/works/GAL1897_W09_RADICALS_MEMOIR.tex	064	translated_aligned	Modern-English segment aligned to the frozen French diplomatic source page; source topology retained.
ENSEG:W09:PDF064:0019	W09	source/english/tex/works/GAL1897_W09_RADICALS_MEMOIR.tex	% ENSEG:W09:PDF064:0019	source/french_diplomatic/tex/works/GAL1897_W09_RADICALS_MEMOIR.tex	064	translated_aligned	Modern-English segment aligned to the frozen French diplomatic source page; source topology retained.
ENSEG:W09:PDF064:0020	W09	source/english/tex/works/GAL1897_W09_RADICALS_MEMOIR.tex	% ENSEG:W09:PDF064:0020	source/french_diplomatic/tex/works/GAL1897_W09_RADICALS_MEMOIR.tex	064	translated_aligned	Modern-English segment aligned to the frozen French diplomatic source page; source topology retained.
ENSEG:W09:PDF064:0021	W09	source/english/tex/works/GAL1897_W09_RADICALS_MEMOIR.tex	% ENSEG:W09:PDF064:0021	source/french_diplomatic/tex/works/GAL1897_W09_RADICALS_MEMOIR.tex	064	translated_aligned	Modern-English segment aligned to the frozen French diplomatic source page; source topology retained.
ENSEG:W09:PDF064:0022	W09	source/english/tex/works/GAL1897_W09_RADICALS_MEMOIR.tex	% ENSEG:W09:PDF064:0022	source/french_diplomatic/tex/works/GAL1897_W09_RADICALS_MEMOIR.tex	064	translated_aligned	Modern-English segment aligned to the frozen French diplomatic source page; source topology retained.
ENSEG:W09:PDF064:0023	W09	source/english/tex/works/GAL1897_W09_RADICALS_MEMOIR.tex	% ENSEG:W09:PDF064:0023	source/french_diplomatic/tex/works/GAL1897_W09_RADICALS_MEMOIR.tex	064	translated_aligned	Modern-English segment aligned to the frozen French diplomatic source page; source topology retained.
ENSEG:W09:PDF064:0024	W09	source/english/tex/works/GAL1897_W09_RADICALS_MEMOIR.tex	% ENSEG:W09:PDF064:0024	source/french_diplomatic/tex/works/GAL1897_W09_RADICALS_MEMOIR.tex	064	translated_aligned	Modern-English segment aligned to the frozen French diplomatic source page; source topology retained.
ENSEG:W09:PDF064:0025	W09	source/english/tex/works/GAL1897_W09_RADICALS_MEMOIR.tex	% ENSEG:W09:PDF064:0025	source/french_diplomatic/tex/works/GAL1897_W09_RADICALS_MEMOIR.tex	064	translated_aligned	Modern-English segment aligned to the frozen French diplomatic source page; source topology retained.
ENSEG:W09:PDF064:0026	W09	source/english/tex/works/GAL1897_W09_RADICALS_MEMOIR.tex	% ENSEG:W09:PDF064:0026	source/french_diplomatic/tex/works/GAL1897_W09_RADICALS_MEMOIR.tex	064	translated_aligned	Modern-English segment aligned to the frozen French diplomatic source page; source topology retained.
ENSEG:W09:PDF064:0027	W09	source/english/tex/works/GAL1897_W09_RADICALS_MEMOIR.tex	% ENSEG:W09:PDF064:0027	source/french_diplomatic/tex/works/GAL1897_W09_RADICALS_MEMOIR.tex	064	translated_aligned	Modern-English segment aligned to the frozen French diplomatic source page; source topology retained.
ENSEG:W09:PDF064:0028	W09	source/english/tex/works/GAL1897_W09_RADICALS_MEMOIR.tex	% ENSEG:W09:PDF064:0028	source/french_diplomatic/tex/works/GAL1897_W09_RADICALS_MEMOIR.tex	064	translated_aligned	Modern-English segment aligned to the frozen French diplomatic source page; source topology retained.
ENSEG:W09:PDF064:0029	W09	source/english/tex/works/GAL1897_W09_RADICALS_MEMOIR.tex	% ENSEG:W09:PDF064:0029	source/french_diplomatic/tex/works/GAL1897_W09_RADICALS_MEMOIR.tex	064	translated_aligned	Modern-English segment aligned to the frozen French diplomatic source page; source topology retained.
ENSEG:W09:PDF065:0030	W09	source/english/tex/works/GAL1897_W09_RADICALS_MEMOIR.tex	% ENSEG:W09:PDF065:0030	source/french_diplomatic/tex/works/GAL1897_W09_RADICALS_MEMOIR.tex	065	translated_aligned	Modern-English segment aligned to the frozen French diplomatic source page; source topology retained.
ENSEG:W09:PDF065:0031	W09	source/english/tex/works/GAL1897_W09_RADICALS_MEMOIR.tex	% ENSEG:W09:PDF065:0031	source/french_diplomatic/tex/works/GAL1897_W09_RADICALS_MEMOIR.tex	065	translated_aligned	Modern-English segment aligned to the frozen French diplomatic source page; source topology retained.
ENSEG:W09:PDF065:0032	W09	source/english/tex/works/GAL1897_W09_RADICALS_MEMOIR.tex	% ENSEG:W09:PDF065:0032	source/french_diplomatic/tex/works/GAL1897_W09_RADICALS_MEMOIR.tex	065	translated_aligned	Modern-English segment aligned to the frozen French diplomatic source page; source topology retained.
ENSEG:W09:PDF065:0033	W09	source/english/tex/works/GAL1897_W09_RADICALS_MEMOIR.tex	% ENSEG:W09:PDF065:0033	source/french_diplomatic/tex/works/GAL1897_W09_RADICALS_MEMOIR.tex	065	translated_aligned	Modern-English segment aligned to the frozen French diplomatic source page; source topology retained.
ENSEG:W09:PDF065:0034	W09	source/english/tex/works/GAL1897_W09_RADICALS_MEMOIR.tex	% ENSEG:W09:PDF065:0034	source/french_diplomatic/tex/works/GAL1897_W09_RADICALS_MEMOIR.tex	065	translated_aligned	Modern-English segment aligned to the frozen French diplomatic source page; source topology retained.
ENSEG:W09:PDF065:0035	W09	source/english/tex/works/GAL1897_W09_RADICALS_MEMOIR.tex	% ENSEG:W09:PDF065:0035	source/french_diplomatic/tex/works/GAL1897_W09_RADICALS_MEMOIR.tex	065	translated_aligned	Modern-English segment aligned to the frozen French diplomatic source page; source topology retained.
ENSEG:W09:PDF065:0036	W09	source/english/tex/works/GAL1897_W09_RADICALS_MEMOIR.tex	% ENSEG:W09:PDF065:0036	source/french_diplomatic/tex/works/GAL1897_W09_RADICALS_MEMOIR.tex	065	translated_aligned	Modern-English segment aligned to the frozen French diplomatic source page; source topology retained.
ENSEG:W09:PDF065:0037	W09	source/english/tex/works/GAL1897_W09_RADICALS_MEMOIR.tex	% ENSEG:W09:PDF065:0037	source/french_diplomatic/tex/works/GAL1897_W09_RADICALS_MEMOIR.tex	065	translated_aligned	Modern-English segment aligned to the frozen French diplomatic source page; source topology retained.
ENSEG:W09:PDF065:0038	W09	source/english/tex/works/GAL1897_W09_RADICALS_MEMOIR.tex	% ENSEG:W09:PDF065:0038	source/french_diplomatic/tex/works/GAL1897_W09_RADICALS_MEMOIR.tex	065	translated_aligned	Modern-English segment aligned to the frozen French diplomatic source page; source topology retained.
ENSEG:W09:PDF065:0039	W09	source/english/tex/works/GAL1897_W09_RADICALS_MEMOIR.tex	% ENSEG:W09:PDF065:0039	source/french_diplomatic/tex/works/GAL1897_W09_RADICALS_MEMOIR.tex	065	translated_aligned	Modern-English segment aligned to the frozen French diplomatic source page; source topology retained.
ENSEG:W09:PDF065:0040	W09	source/english/tex/works/GAL1897_W09_RADICALS_MEMOIR.tex	% ENSEG:W09:PDF065:0040	source/french_diplomatic/tex/works/GAL1897_W09_RADICALS_MEMOIR.tex	065	translated_aligned	Modern-English segment aligned to the frozen French diplomatic source page; source topology retained.
ENSEG:W09:PDF065:0041	W09	source/english/tex/works/GAL1897_W09_RADICALS_MEMOIR.tex	% ENSEG:W09:PDF065:0041	source/french_diplomatic/tex/works/GAL1897_W09_RADICALS_MEMOIR.tex	065	translated_aligned	Modern-English segment aligned to the frozen French diplomatic source page; source topology retained.
ENSEG:W09:PDF065:0042	W09	source/english/tex/works/GAL1897_W09_RADICALS_MEMOIR.tex	% ENSEG:W09:PDF065:0042	source/french_diplomatic/tex/works/GAL1897_W09_RADICALS_MEMOIR.tex	065	translated_aligned	Modern-English segment aligned to the frozen French diplomatic source page; source topology retained.
ENSEG:W09:PDF065:0043	W09	source/english/tex/works/GAL1897_W09_RADICALS_MEMOIR.tex	% ENSEG:W09:PDF065:0043	source/french_diplomatic/tex/works/GAL1897_W09_RADICALS_MEMOIR.tex	065	translated_aligned	Modern-English segment aligned to the frozen French diplomatic source page; source topology retained.
ENSEG:W09:PDF065:0044	W09	source/english/tex/works/GAL1897_W09_RADICALS_MEMOIR.tex	% ENSEG:W09:PDF065:0044	source/french_diplomatic/tex/works/GAL1897_W09_RADICALS_MEMOIR.tex	065	translated_aligned	Modern-English segment aligned to the frozen French diplomatic source page; source topology retained.
ENSEG:W09:PDF065:0045	W09	source/english/tex/works/GAL1897_W09_RADICALS_MEMOIR.tex	% ENSEG:W09:PDF065:0045	source/french_diplomatic/tex/works/GAL1897_W09_RADICALS_MEMOIR.tex	065	translated_aligned	Modern-English segment aligned to the frozen French diplomatic source page; source topology retained.
ENSEG:W09:PDF065:0046	W09	source/english/tex/works/GAL1897_W09_RADICALS_MEMOIR.tex	% ENSEG:W09:PDF065:0046	source/french_diplomatic/tex/works/GAL1897_W09_RADICALS_MEMOIR.tex	065	translated_aligned	Modern-English segment aligned to the frozen French diplomatic source page; source topology retained.
ENSEG:W09:PDF065:0047	W09	source/english/tex/works/GAL1897_W09_RADICALS_MEMOIR.tex	% ENSEG:W09:PDF065:0047	source/french_diplomatic/tex/works/GAL1897_W09_RADICALS_MEMOIR.tex	065	translated_aligned	Modern-English segment aligned to the frozen French diplomatic source page; source topology retained.
ENSEG:W09:PDF066:0048	W09	source/english/tex/works/GAL1897_W09_RADICALS_MEMOIR.tex	% ENSEG:W09:PDF066:0048	source/french_diplomatic/tex/works/GAL1897_W09_RADICALS_MEMOIR.tex	066	translated_aligned	Modern-English segment aligned to the frozen French diplomatic source page; source topology retained.
ENSEG:W09:PDF066:0049	W09	source/english/tex/works/GAL1897_W09_RADICALS_MEMOIR.tex	% ENSEG:W09:PDF066:0049	source/french_diplomatic/tex/works/GAL1897_W09_RADICALS_MEMOIR.tex	066	translated_aligned	Modern-English segment aligned to the frozen French diplomatic source page; source topology retained.
ENSEG:W09:PDF066:0050	W09	source/english/tex/works/GAL1897_W09_RADICALS_MEMOIR.tex	% ENSEG:W09:PDF066:0050	source/french_diplomatic/tex/works/GAL1897_W09_RADICALS_MEMOIR.tex	066	translated_aligned	Modern-English segment aligned to the frozen French diplomatic source page; source topology retained.
ENSEG:W09:PDF066:0051	W09	source/english/tex/works/GAL1897_W09_RADICALS_MEMOIR.tex	% ENSEG:W09:PDF066:0051	source/french_diplomatic/tex/works/GAL1897_W09_RADICALS_MEMOIR.tex	066	translated_aligned	Modern-English segment aligned to the frozen French diplomatic source page; source topology retained.
ENSEG:W09:PDF066:0052	W09	source/english/tex/works/GAL1897_W09_RADICALS_MEMOIR.tex	% ENSEG:W09:PDF066:0052	source/french_diplomatic/tex/works/GAL1897_W09_RADICALS_MEMOIR.tex	066	translated_aligned	Modern-English segment aligned to the frozen French diplomatic source page; source topology retained.
ENSEG:W09:PDF066:0053	W09	source/english/tex/works/GAL1897_W09_RADICALS_MEMOIR.tex	% ENSEG:W09:PDF066:0053	source/french_diplomatic/tex/works/GAL1897_W09_RADICALS_MEMOIR.tex	066	translated_aligned	Modern-English segment aligned to the frozen French diplomatic source page; source topology retained.
ENSEG:W09:PDF066:0054	W09	source/english/tex/works/GAL1897_W09_RADICALS_MEMOIR.tex	% ENSEG:W09:PDF066:0054	source/french_diplomatic/tex/works/GAL1897_W09_RADICALS_MEMOIR.tex	066	translated_aligned	Modern-English segment aligned to the frozen French diplomatic source page; source topology retained.
ENSEG:W09:PDF066:0055	W09	source/english/tex/works/GAL1897_W09_RADICALS_MEMOIR.tex	% ENSEG:W09:PDF066:0055	source/french_diplomatic/tex/works/GAL1897_W09_RADICALS_MEMOIR.tex	066	translated_aligned	Modern-English segment aligned to the frozen French diplomatic source page; source topology retained.
ENSEG:W09:PDF066:0056	W09	source/english/tex/works/GAL1897_W09_RADICALS_MEMOIR.tex	% ENSEG:W09:PDF066:0056	source/french_diplomatic/tex/works/GAL1897_W09_RADICALS_MEMOIR.tex	066	translated_aligned	Modern-English segment aligned to the frozen French diplomatic source page; source topology retained.
ENSEG:W09:PDF066:0057	W09	source/english/tex/works/GAL1897_W09_RADICALS_MEMOIR.tex	% ENSEG:W09:PDF066:0057	source/french_diplomatic/tex/works/GAL1897_W09_RADICALS_MEMOIR.tex	066	translated_aligned	Modern-English segment aligned to the frozen French diplomatic source page; source topology retained.
ENSEG:W09:PDF067:0058	W09	source/english/tex/works/GAL1897_W09_RADICALS_MEMOIR.tex	% ENSEG:W09:PDF067:0058	source/french_diplomatic/tex/works/GAL1897_W09_RADICALS_MEMOIR.tex	067	translated_aligned	Modern-English segment aligned to the frozen French diplomatic source page; source topology retained.
ENSEG:W09:PDF067:0059	W09	source/english/tex/works/GAL1897_W09_RADICALS_MEMOIR.tex	% ENSEG:W09:PDF067:0059	source/french_diplomatic/tex/works/GAL1897_W09_RADICALS_MEMOIR.tex	067	translated_aligned	Modern-English segment aligned to the frozen French diplomatic source page; source topology retained.
ENSEG:W09:PDF067:0060	W09	source/english/tex/works/GAL1897_W09_RADICALS_MEMOIR.tex	% ENSEG:W09:PDF067:0060	source/french_diplomatic/tex/works/GAL1897_W09_RADICALS_MEMOIR.tex	067	translated_aligned	Modern-English segment aligned to the frozen French diplomatic source page; source topology retained.
ENSEG:W09:PDF067:0061	W09	source/english/tex/works/GAL1897_W09_RADICALS_MEMOIR.tex	% ENSEG:W09:PDF067:0061	source/french_diplomatic/tex/works/GAL1897_W09_RADICALS_MEMOIR.tex	067	translated_aligned	Modern-English segment aligned to the frozen French diplomatic source page; source topology retained.
ENSEG:W09:PDF067:0062	W09	source/english/tex/works/GAL1897_W09_RADICALS_MEMOIR.tex	% ENSEG:W09:PDF067:0062	source/french_diplomatic/tex/works/GAL1897_W09_RADICALS_MEMOIR.tex	067	translated_aligned	Modern-English segment aligned to the frozen French diplomatic source page; source topology retained.
ENSEG:W09:PDF067:0063	W09	source/english/tex/works/GAL1897_W09_RADICALS_MEMOIR.tex	% ENSEG:W09:PDF067:0063	source/french_diplomatic/tex/works/GAL1897_W09_RADICALS_MEMOIR.tex	067	translated_aligned	Modern-English segment aligned to the frozen French diplomatic source page; source topology retained.
ENSEG:W09:PDF067:0064	W09	source/english/tex/works/GAL1897_W09_RADICALS_MEMOIR.tex	% ENSEG:W09:PDF067:0064	source/french_diplomatic/tex/works/GAL1897_W09_RADICALS_MEMOIR.tex	067	translated_aligned	Modern-English segment aligned to the frozen French diplomatic source page; source topology retained.
ENSEG:W09:PDF067:0065	W09	source/english/tex/works/GAL1897_W09_RADICALS_MEMOIR.tex	% ENSEG:W09:PDF067:0065	source/french_diplomatic/tex/works/GAL1897_W09_RADICALS_MEMOIR.tex	067	translated_aligned	Modern-English segment aligned to the frozen French diplomatic source page; source topology retained.
ENSEG:W09:PDF068:0066	W09	source/english/tex/works/GAL1897_W09_RADICALS_MEMOIR.tex	% ENSEG:W09:PDF068:0066	source/french_diplomatic/tex/works/GAL1897_W09_RADICALS_MEMOIR.tex	068	translated_aligned	Modern-English segment aligned to the frozen French diplomatic source page; source topology retained.
ENSEG:W09:PDF068:0067	W09	source/english/tex/works/GAL1897_W09_RADICALS_MEMOIR.tex	% ENSEG:W09:PDF068:0067	source/french_diplomatic/tex/works/GAL1897_W09_RADICALS_MEMOIR.tex	068	translated_aligned	Modern-English segment aligned to the frozen French diplomatic source page; source topology retained.
ENSEG:W09:PDF068:0068	W09	source/english/tex/works/GAL1897_W09_RADICALS_MEMOIR.tex	% ENSEG:W09:PDF068:0068	source/french_diplomatic/tex/works/GAL1897_W09_RADICALS_MEMOIR.tex	068	translated_aligned	Modern-English segment aligned to the frozen French diplomatic source page; source topology retained.
ENSEG:W09:PDF068:0069	W09	source/english/tex/works/GAL1897_W09_RADICALS_MEMOIR.tex	% ENSEG:W09:PDF068:0069	source/french_diplomatic/tex/works/GAL1897_W09_RADICALS_MEMOIR.tex	068	translated_aligned	Modern-English segment aligned to the frozen French diplomatic source page; source topology retained.
ENSEG:W09:PDF068:0070	W09	source/english/tex/works/GAL1897_W09_RADICALS_MEMOIR.tex	% ENSEG:W09:PDF068:0070	source/french_diplomatic/tex/works/GAL1897_W09_RADICALS_MEMOIR.tex	068	translated_aligned	Modern-English segment aligned to the frozen French diplomatic source page; source topology retained.
ENSEG:W09:PDF068:0071	W09	source/english/tex/works/GAL1897_W09_RADICALS_MEMOIR.tex	% ENSEG:W09:PDF068:0071	source/french_diplomatic/tex/works/GAL1897_W09_RADICALS_MEMOIR.tex	068	translated_aligned	Modern-English segment aligned to the frozen French diplomatic source page; source topology retained.
ENSEG:W09:PDF068:0072	W09	source/english/tex/works/GAL1897_W09_RADICALS_MEMOIR.tex	% ENSEG:W09:PDF068:0072	source/french_diplomatic/tex/works/GAL1897_W09_RADICALS_MEMOIR.tex	068	translated_aligned	Modern-English segment aligned to the frozen French diplomatic source page; source topology retained.
ENSEG:W09:PDF068:0073	W09	source/english/tex/works/GAL1897_W09_RADICALS_MEMOIR.tex	% ENSEG:W09:PDF068:0073	source/french_diplomatic/tex/works/GAL1897_W09_RADICALS_MEMOIR.tex	068	translated_aligned	Modern-English segment aligned to the frozen French diplomatic source page; source topology retained.
ENSEG:W09:PDF068:0074	W09	source/english/tex/works/GAL1897_W09_RADICALS_MEMOIR.tex	% ENSEG:W09:PDF068:0074	source/french_diplomatic/tex/works/GAL1897_W09_RADICALS_MEMOIR.tex	068	translated_aligned	Modern-English segment aligned to the frozen French diplomatic source page; source topology retained.
ENSEG:W09:PDF068:0075	W09	source/english/tex/works/GAL1897_W09_RADICALS_MEMOIR.tex	% ENSEG:W09:PDF068:0075	source/french_diplomatic/tex/works/GAL1897_W09_RADICALS_MEMOIR.tex	068	translated_aligned	Modern-English segment aligned to the frozen French diplomatic source page; source topology retained.
ENSEG:W09:PDF068:0076	W09	source/english/tex/works/GAL1897_W09_RADICALS_MEMOIR.tex	% ENSEG:W09:PDF068:0076	source/french_diplomatic/tex/works/GAL1897_W09_RADICALS_MEMOIR.tex	068	translated_aligned	Modern-English segment aligned to the frozen French diplomatic source page; source topology retained.
ENSEG:W09:PDF068:0077	W09	source/english/tex/works/GAL1897_W09_RADICALS_MEMOIR.tex	% ENSEG:W09:PDF068:0077	source/french_diplomatic/tex/works/GAL1897_W09_RADICALS_MEMOIR.tex	068	translated_aligned	Modern-English segment aligned to the frozen French diplomatic source page; source topology retained.
ENSEG:W09:PDF068:0078	W09	source/english/tex/works/GAL1897_W09_RADICALS_MEMOIR.tex	% ENSEG:W09:PDF068:0078	source/french_diplomatic/tex/works/GAL1897_W09_RADICALS_MEMOIR.tex	068	translated_aligned	Modern-English segment aligned to the frozen French diplomatic source page; source topology retained.
ENSEG:W09:PDF068:0079	W09	source/english/tex/works/GAL1897_W09_RADICALS_MEMOIR.tex	% ENSEG:W09:PDF068:0079	source/french_diplomatic/tex/works/GAL1897_W09_RADICALS_MEMOIR.tex	068	translated_aligned	Modern-English segment aligned to the frozen French diplomatic source page; source topology retained.
ENSEG:W09:PDF068:0080	W09	source/english/tex/works/GAL1897_W09_RADICALS_MEMOIR.tex	% ENSEG:W09:PDF068:0080	source/french_diplomatic/tex/works/GAL1897_W09_RADICALS_MEMOIR.tex	068	translated_aligned	Modern-English segment aligned to the frozen French diplomatic source page; source topology retained.
ENSEG:W09:PDF068:0081	W09	source/english/tex/works/GAL1897_W09_RADICALS_MEMOIR.tex	% ENSEG:W09:PDF068:0081	source/french_diplomatic/tex/works/GAL1897_W09_RADICALS_MEMOIR.tex	068	translated_aligned	Modern-English segment aligned to the frozen French diplomatic source page; source topology retained.
ENSEG:W09:PDF069:0082	W09	source/english/tex/works/GAL1897_W09_RADICALS_MEMOIR.tex	% ENSEG:W09:PDF069:0082	source/french_diplomatic/tex/works/GAL1897_W09_RADICALS_MEMOIR.tex	069	translated_aligned	Modern-English segment aligned to the frozen French diplomatic source page; source topology retained.
ENSEG:W09:PDF069:0083	W09	source/english/tex/works/GAL1897_W09_RADICALS_MEMOIR.tex	% ENSEG:W09:PDF069:0083	source/french_diplomatic/tex/works/GAL1897_W09_RADICALS_MEMOIR.tex	069	translated_aligned	Modern-English segment aligned to the frozen French diplomatic source page; source topology retained.
ENSEG:W09:PDF069:0084	W09	source/english/tex/works/GAL1897_W09_RADICALS_MEMOIR.tex	% ENSEG:W09:PDF069:0084	source/french_diplomatic/tex/works/GAL1897_W09_RADICALS_MEMOIR.tex	069	translated_aligned	Modern-English segment aligned to the frozen French diplomatic source page; source topology retained.
ENSEG:W09:PDF069:0085	W09	source/english/tex/works/GAL1897_W09_RADICALS_MEMOIR.tex	% ENSEG:W09:PDF069:0085	source/french_diplomatic/tex/works/GAL1897_W09_RADICALS_MEMOIR.tex	069	translated_aligned	Modern-English segment aligned to the frozen French diplomatic source page; source topology retained.
ENSEG:W09:PDF069:0086	W09	source/english/tex/works/GAL1897_W09_RADICALS_MEMOIR.tex	% ENSEG:W09:PDF069:0086	source/french_diplomatic/tex/works/GAL1897_W09_RADICALS_MEMOIR.tex	069	translated_aligned	Modern-English segment aligned to the frozen French diplomatic source page; source topology retained.
ENSEG:W09:PDF069:0087	W09	source/english/tex/works/GAL1897_W09_RADICALS_MEMOIR.tex	% ENSEG:W09:PDF069:0087	source/french_diplomatic/tex/works/GAL1897_W09_RADICALS_MEMOIR.tex	069	translated_aligned	Modern-English segment aligned to the frozen French diplomatic source page; source topology retained.
ENSEG:W09:PDF069:0088	W09	source/english/tex/works/GAL1897_W09_RADICALS_MEMOIR.tex	% ENSEG:W09:PDF069:0088	source/french_diplomatic/tex/works/GAL1897_W09_RADICALS_MEMOIR.tex	069	translated_aligned	Modern-English segment aligned to the frozen French diplomatic source page; source topology retained.
ENSEG:W09:PDF069:0089	W09	source/english/tex/works/GAL1897_W09_RADICALS_MEMOIR.tex	% ENSEG:W09:PDF069:0089	source/french_diplomatic/tex/works/GAL1897_W09_RADICALS_MEMOIR.tex	069	translated_aligned	Modern-English segment aligned to the frozen French diplomatic source page; source topology retained.
ENSEG:W09:PDF069:0090	W09	source/english/tex/works/GAL1897_W09_RADICALS_MEMOIR.tex	% ENSEG:W09:PDF069:0090	source/french_diplomatic/tex/works/GAL1897_W09_RADICALS_MEMOIR.tex	069	translated_aligned	Modern-English segment aligned to the frozen French diplomatic source page; source topology retained.
ENSEG:W09:PDF069:0091	W09	source/english/tex/works/GAL1897_W09_RADICALS_MEMOIR.tex	% ENSEG:W09:PDF069:0091	source/french_diplomatic/tex/works/GAL1897_W09_RADICALS_MEMOIR.tex	069	translated_aligned	Modern-English segment aligned to the frozen French diplomatic source page; source topology retained.
ENSEG:W09:PDF070:0092	W09	source/english/tex/works/GAL1897_W09_RADICALS_MEMOIR.tex	% ENSEG:W09:PDF070:0092	source/french_diplomatic/tex/works/GAL1897_W09_RADICALS_MEMOIR.tex	070	translated_aligned	Modern-English segment aligned to the frozen French diplomatic source page; source topology retained.
ENSEG:W09:PDF070:0093	W09	source/english/tex/works/GAL1897_W09_RADICALS_MEMOIR.tex	% ENSEG:W09:PDF070:0093	source/french_diplomatic/tex/works/GAL1897_W09_RADICALS_MEMOIR.tex	070	translated_aligned	Modern-English segment aligned to the frozen French diplomatic source page; source topology retained.
ENSEG:W09:PDF070:0094	W09	source/english/tex/works/GAL1897_W09_RADICALS_MEMOIR.tex	% ENSEG:W09:PDF070:0094	source/french_diplomatic/tex/works/GAL1897_W09_RADICALS_MEMOIR.tex	070	translated_aligned	Modern-English segment aligned to the frozen French diplomatic source page; source topology retained.
ENSEG:W09:PDF070:0095	W09	source/english/tex/works/GAL1897_W09_RADICALS_MEMOIR.tex	% ENSEG:W09:PDF070:0095	source/french_diplomatic/tex/works/GAL1897_W09_RADICALS_MEMOIR.tex	070	translated_aligned	Modern-English segment aligned to the frozen French diplomatic source page; source topology retained.
ENSEG:W09:PDF070:0096	W09	source/english/tex/works/GAL1897_W09_RADICALS_MEMOIR.tex	% ENSEG:W09:PDF070:0096	source/french_diplomatic/tex/works/GAL1897_W09_RADICALS_MEMOIR.tex	070	translated_aligned	Modern-English segment aligned to the frozen French diplomatic source page; source topology retained.
ENSEG:W09:PDF070:0097	W09	source/english/tex/works/GAL1897_W09_RADICALS_MEMOIR.tex	% ENSEG:W09:PDF070:0097	source/french_diplomatic/tex/works/GAL1897_W09_RADICALS_MEMOIR.tex	070	translated_aligned	Modern-English segment aligned to the frozen French diplomatic source page; source topology retained.
ENSEG:W09:PDF070:0098	W09	source/english/tex/works/GAL1897_W09_RADICALS_MEMOIR.tex	% ENSEG:W09:PDF070:0098	source/french_diplomatic/tex/works/GAL1897_W09_RADICALS_MEMOIR.tex	070	translated_aligned	Modern-English segment aligned to the frozen French diplomatic source page; source topology retained.
ENSEG:W09:PDF070:0099	W09	source/english/tex/works/GAL1897_W09_RADICALS_MEMOIR.tex	% ENSEG:W09:PDF070:0099	source/french_diplomatic/tex/works/GAL1897_W09_RADICALS_MEMOIR.tex	070	translated_aligned	Modern-English segment aligned to the frozen French diplomatic source page; source topology retained.
ENSEG:W09:PDF070:0100	W09	source/english/tex/works/GAL1897_W09_RADICALS_MEMOIR.tex	% ENSEG:W09:PDF070:0100	source/french_diplomatic/tex/works/GAL1897_W09_RADICALS_MEMOIR.tex	070	translated_aligned	Modern-English segment aligned to the frozen French diplomatic source page; source topology retained.
ENSEG:W09:PDF070:0101	W09	source/english/tex/works/GAL1897_W09_RADICALS_MEMOIR.tex	% ENSEG:W09:PDF070:0101	source/french_diplomatic/tex/works/GAL1897_W09_RADICALS_MEMOIR.tex	070	translated_aligned	Modern-English segment aligned to the frozen French diplomatic source page; source topology retained.
ENSEG:W09:PDF070:0102	W09	source/english/tex/works/GAL1897_W09_RADICALS_MEMOIR.tex	% ENSEG:W09:PDF070:0102	source/french_diplomatic/tex/works/GAL1897_W09_RADICALS_MEMOIR.tex	070	translated_aligned	Modern-English segment aligned to the frozen French diplomatic source page; source topology retained.
ENSEG:W09:PDF070:0103	W09	source/english/tex/works/GAL1897_W09_RADICALS_MEMOIR.tex	% ENSEG:W09:PDF070:0103	source/french_diplomatic/tex/works/GAL1897_W09_RADICALS_MEMOIR.tex	070	translated_aligned	Modern-English segment aligned to the frozen French diplomatic source page; source topology retained.
ENSEG:W09:PDF070:0104	W09	source/english/tex/works/GAL1897_W09_RADICALS_MEMOIR.tex	% ENSEG:W09:PDF070:0104	source/french_diplomatic/tex/works/GAL1897_W09_RADICALS_MEMOIR.tex	070	translated_aligned	Modern-English segment aligned to the frozen French diplomatic source page; source topology retained.
ENSEG:W09:PDF070:0105	W09	source/english/tex/works/GAL1897_W09_RADICALS_MEMOIR.tex	% ENSEG:W09:PDF070:0105	source/french_diplomatic/tex/works/GAL1897_W09_RADICALS_MEMOIR.tex	070	translated_aligned	Modern-English segment aligned to the frozen French diplomatic source page; source topology retained.
ENSEG:W09:PDF070:0106	W09	source/english/tex/works/GAL1897_W09_RADICALS_MEMOIR.tex	% ENSEG:W09:PDF070:0106	source/french_diplomatic/tex/works/GAL1897_W09_RADICALS_MEMOIR.tex	070	translated_aligned	Modern-English segment aligned to the frozen French diplomatic source page; source topology retained.
ENSEG:W09:PDF070:0107	W09	source/english/tex/works/GAL1897_W09_RADICALS_MEMOIR.tex	% ENSEG:W09:PDF070:0107	source/french_diplomatic/tex/works/GAL1897_W09_RADICALS_MEMOIR.tex	070	translated_aligned	Modern-English segment aligned to the frozen French diplomatic source page; source topology retained.
ENSEG:W09:PDF070:0108	W09	source/english/tex/works/GAL1897_W09_RADICALS_MEMOIR.tex	% ENSEG:W09:PDF070:0108	source/french_diplomatic/tex/works/GAL1897_W09_RADICALS_MEMOIR.tex	070	translated_aligned	Modern-English segment aligned to the frozen French diplomatic source page; source topology retained.
ENSEG:W09:PDF070:0109	W09	source/english/tex/works/GAL1897_W09_RADICALS_MEMOIR.tex	% ENSEG:W09:PDF070:0109	source/french_diplomatic/tex/works/GAL1897_W09_RADICALS_MEMOIR.tex	070	translated_aligned	Modern-English segment aligned to the frozen French diplomatic source page; source topology retained.
ENSEG:W09:PDF071:0110	W09	source/english/tex/works/GAL1897_W09_RADICALS_MEMOIR.tex	% ENSEG:W09:PDF071:0110	source/french_diplomatic/tex/works/GAL1897_W09_RADICALS_MEMOIR.tex	071	translated_aligned	Modern-English segment aligned to the frozen French diplomatic source page; source topology retained.
ENSEG:W09:PDF071:0111	W09	source/english/tex/works/GAL1897_W09_RADICALS_MEMOIR.tex	% ENSEG:W09:PDF071:0111	source/french_diplomatic/tex/works/GAL1897_W09_RADICALS_MEMOIR.tex	071	translated_aligned	Modern-English segment aligned to the frozen French diplomatic source page; source topology retained.
ENSEG:W09:PDF071:0112	W09	source/english/tex/works/GAL1897_W09_RADICALS_MEMOIR.tex	% ENSEG:W09:PDF071:0112	source/french_diplomatic/tex/works/GAL1897_W09_RADICALS_MEMOIR.tex	071	translated_aligned	Modern-English segment aligned to the frozen French diplomatic source page; source topology retained.
ENSEG:W09:PDF071:0113	W09	source/english/tex/works/GAL1897_W09_RADICALS_MEMOIR.tex	% ENSEG:W09:PDF071:0113	source/french_diplomatic/tex/works/GAL1897_W09_RADICALS_MEMOIR.tex	071	translated_aligned	Modern-English segment aligned to the frozen French diplomatic source page; source topology retained.
ENSEG:W09:PDF071:0114	W09	source/english/tex/works/GAL1897_W09_RADICALS_MEMOIR.tex	% ENSEG:W09:PDF071:0114	source/french_diplomatic/tex/works/GAL1897_W09_RADICALS_MEMOIR.tex	071	translated_aligned	Modern-English segment aligned to the frozen French diplomatic source page; source topology retained.
ENSEG:W09:PDF071:0115	W09	source/english/tex/works/GAL1897_W09_RADICALS_MEMOIR.tex	% ENSEG:W09:PDF071:0115	source/french_diplomatic/tex/works/GAL1897_W09_RADICALS_MEMOIR.tex	071	translated_aligned	Modern-English segment aligned to the frozen French diplomatic source page; source topology retained.
ENSEG:W09:PDF071:0116	W09	source/english/tex/works/GAL1897_W09_RADICALS_MEMOIR.tex	% ENSEG:W09:PDF071:0116	source/french_diplomatic/tex/works/GAL1897_W09_RADICALS_MEMOIR.tex	071	translated_aligned	Modern-English segment aligned to the frozen French diplomatic source page; source topology retained.
ENSEG:W09:PDF071:0117	W09	source/english/tex/works/GAL1897_W09_RADICALS_MEMOIR.tex	% ENSEG:W09:PDF071:0117	source/french_diplomatic/tex/works/GAL1897_W09_RADICALS_MEMOIR.tex	071	translated_aligned	Modern-English segment aligned to the frozen French diplomatic source page; source topology retained.
ENSEG:W09:PDF071:0118	W09	source/english/tex/works/GAL1897_W09_RADICALS_MEMOIR.tex	% ENSEG:W09:PDF071:0118	source/french_diplomatic/tex/works/GAL1897_W09_RADICALS_MEMOIR.tex	071	translated_aligned	Modern-English segment aligned to the frozen French diplomatic source page; source topology retained.
ENSEG:W09:PDF071:0119	W09	source/english/tex/works/GAL1897_W09_RADICALS_MEMOIR.tex	% ENSEG:W09:PDF071:0119	source/french_diplomatic/tex/works/GAL1897_W09_RADICALS_MEMOIR.tex	071	translated_aligned	Modern-English segment aligned to the frozen French diplomatic source page; source topology retained.
ENSEG:W09:PDF072:0120	W09	source/english/tex/works/GAL1897_W09_RADICALS_MEMOIR.tex	% ENSEG:W09:PDF072:0120	source/french_diplomatic/tex/works/GAL1897_W09_RADICALS_MEMOIR.tex	072	translated_aligned	Modern-English segment aligned to the frozen French diplomatic source page; source topology retained.
ENSEG:W09:PDF072:0121	W09	source/english/tex/works/GAL1897_W09_RADICALS_MEMOIR.tex	% ENSEG:W09:PDF072:0121	source/french_diplomatic/tex/works/GAL1897_W09_RADICALS_MEMOIR.tex	072	translated_aligned	Modern-English segment aligned to the frozen French diplomatic source page; source topology retained.
ENSEG:W09:PDF072:0122	W09	source/english/tex/works/GAL1897_W09_RADICALS_MEMOIR.tex	% ENSEG:W09:PDF072:0122	source/french_diplomatic/tex/works/GAL1897_W09_RADICALS_MEMOIR.tex	072	translated_aligned	Modern-English segment aligned to the frozen French diplomatic source page; source topology retained.
ENSEG:W09:PDF072:0123	W09	source/english/tex/works/GAL1897_W09_RADICALS_MEMOIR.tex	% ENSEG:W09:PDF072:0123	source/french_diplomatic/tex/works/GAL1897_W09_RADICALS_MEMOIR.tex	072	translated_aligned	Modern-English segment aligned to the frozen French diplomatic source page; source topology retained.
ENSEG:W09:PDF072:0124	W09	source/english/tex/works/GAL1897_W09_RADICALS_MEMOIR.tex	% ENSEG:W09:PDF072:0124	source/french_diplomatic/tex/works/GAL1897_W09_RADICALS_MEMOIR.tex	072	translated_aligned	Modern-English segment aligned to the frozen French diplomatic source page; source topology retained.
ENSEG:W09:PDF072:0125	W09	source/english/tex/works/GAL1897_W09_RADICALS_MEMOIR.tex	% ENSEG:W09:PDF072:0125	source/french_diplomatic/tex/works/GAL1897_W09_RADICALS_MEMOIR.tex	072	translated_aligned	Modern-English segment aligned to the frozen French diplomatic source page; source topology retained.
ENSEG:W09:PDF072:0126	W09	source/english/tex/works/GAL1897_W09_RADICALS_MEMOIR.tex	% ENSEG:W09:PDF072:0126	source/french_diplomatic/tex/works/GAL1897_W09_RADICALS_MEMOIR.tex	072	translated_aligned	Modern-English segment aligned to the frozen French diplomatic source page; source topology retained.
ENSEG:W09:PDF072:0127	W09	source/english/tex/works/GAL1897_W09_RADICALS_MEMOIR.tex	% ENSEG:W09:PDF072:0127	source/french_diplomatic/tex/works/GAL1897_W09_RADICALS_MEMOIR.tex	072	translated_aligned	Modern-English segment aligned to the frozen French diplomatic source page; source topology retained.
ENSEG:W09:PDF073:0128	W09	source/english/tex/works/GAL1897_W09_RADICALS_MEMOIR.tex	% ENSEG:W09:PDF073:0128	source/french_diplomatic/tex/works/GAL1897_W09_RADICALS_MEMOIR.tex	073	translated_aligned	Modern-English segment aligned to the frozen French diplomatic source page; source topology retained.
ENSEG:W09:PDF073:0129	W09	source/english/tex/works/GAL1897_W09_RADICALS_MEMOIR.tex	% ENSEG:W09:PDF073:0129	source/french_diplomatic/tex/works/GAL1897_W09_RADICALS_MEMOIR.tex	073	translated_aligned	Modern-English segment aligned to the frozen French diplomatic source page; source topology retained.
ENSEG:W09:PDF073:0130	W09	source/english/tex/works/GAL1897_W09_RADICALS_MEMOIR.tex	% ENSEG:W09:PDF073:0130	source/french_diplomatic/tex/works/GAL1897_W09_RADICALS_MEMOIR.tex	073	translated_aligned	Modern-English segment aligned to the frozen French diplomatic source page; source topology retained.
ENSEG:W09:PDF073:0131	W09	source/english/tex/works/GAL1897_W09_RADICALS_MEMOIR.tex	% ENSEG:W09:PDF073:0131	source/french_diplomatic/tex/works/GAL1897_W09_RADICALS_MEMOIR.tex	073	translated_aligned	Modern-English segment aligned to the frozen French diplomatic source page; source topology retained.
ENSEG:W09:PDF073:0132	W09	source/english/tex/works/GAL1897_W09_RADICALS_MEMOIR.tex	% ENSEG:W09:PDF073:0132	source/french_diplomatic/tex/works/GAL1897_W09_RADICALS_MEMOIR.tex	073	translated_aligned	Modern-English segment aligned to the frozen French diplomatic source page; source topology retained.
ENSEG:W09:PDF073:0133	W09	source/english/tex/works/GAL1897_W09_RADICALS_MEMOIR.tex	% ENSEG:W09:PDF073:0133	source/french_diplomatic/tex/works/GAL1897_W09_RADICALS_MEMOIR.tex	073	translated_aligned	Modern-English segment aligned to the frozen French diplomatic source page; source topology retained.
ENSEG:W09:PDF073:0134	W09	source/english/tex/works/GAL1897_W09_RADICALS_MEMOIR.tex	% ENSEG:W09:PDF073:0134	source/french_diplomatic/tex/works/GAL1897_W09_RADICALS_MEMOIR.tex	073	translated_aligned	Modern-English segment aligned to the frozen French diplomatic source page; source topology retained.
ENSEG:W09:PDF073:0135	W09	source/english/tex/works/GAL1897_W09_RADICALS_MEMOIR.tex	% ENSEG:W09:PDF073:0135	source/french_diplomatic/tex/works/GAL1897_W09_RADICALS_MEMOIR.tex	073	translated_aligned	Modern-English segment aligned to the frozen French diplomatic source page; source topology retained.
ENSEG:W09:PDF073:0136	W09	source/english/tex/works/GAL1897_W09_RADICALS_MEMOIR.tex	% ENSEG:W09:PDF073:0136	source/french_diplomatic/tex/works/GAL1897_W09_RADICALS_MEMOIR.tex	073	translated_aligned	Modern-English segment aligned to the frozen French diplomatic source page; source topology retained.
ENSEG:W09:PDF073:0137	W09	source/english/tex/works/GAL1897_W09_RADICALS_MEMOIR.tex	% ENSEG:W09:PDF073:0137	source/french_diplomatic/tex/works/GAL1897_W09_RADICALS_MEMOIR.tex	073	translated_aligned	Modern-English segment aligned to the frozen French diplomatic source page; source topology retained.
ENSEG:W09:PDF073:0138	W09	source/english/tex/works/GAL1897_W09_RADICALS_MEMOIR.tex	% ENSEG:W09:PDF073:0138	source/french_diplomatic/tex/works/GAL1897_W09_RADICALS_MEMOIR.tex	073	translated_aligned	Modern-English segment aligned to the frozen French diplomatic source page; source topology retained.
ENSEG:W09:PDF073:0139	W09	source/english/tex/works/GAL1897_W09_RADICALS_MEMOIR.tex	% ENSEG:W09:PDF073:0139	source/french_diplomatic/tex/works/GAL1897_W09_RADICALS_MEMOIR.tex	073	translated_aligned	Modern-English segment aligned to the frozen French diplomatic source page; source topology retained.
ENSEG:W09:PDF073:0140	W09	source/english/tex/works/GAL1897_W09_RADICALS_MEMOIR.tex	% ENSEG:W09:PDF073:0140	source/french_diplomatic/tex/works/GAL1897_W09_RADICALS_MEMOIR.tex	073	translated_aligned	Modern-English segment aligned to the frozen French diplomatic source page; source topology retained.
ENSEG:W09:PDF073:0141	W09	source/english/tex/works/GAL1897_W09_RADICALS_MEMOIR.tex	% ENSEG:W09:PDF073:0141	source/french_diplomatic/tex/works/GAL1897_W09_RADICALS_MEMOIR.tex	073	translated_aligned	Modern-English segment aligned to the frozen French diplomatic source page; source topology retained.
ENSEG:W09:PDF073:0142	W09	source/english/tex/works/GAL1897_W09_RADICALS_MEMOIR.tex	% ENSEG:W09:PDF073:0142	source/french_diplomatic/tex/works/GAL1897_W09_RADICALS_MEMOIR.tex	073	translated_aligned	Modern-English segment aligned to the frozen French diplomatic source page; source topology retained.
ENSEG:W09:PDF074:0143	W09	source/english/tex/works/GAL1897_W09_RADICALS_MEMOIR.tex	% ENSEG:W09:PDF074:0143	source/french_diplomatic/tex/works/GAL1897_W09_RADICALS_MEMOIR.tex	074	translated_aligned	Modern-English segment aligned to the frozen French diplomatic source page; source topology retained.
ENSEG:W09:PDF074:0144	W09	source/english/tex/works/GAL1897_W09_RADICALS_MEMOIR.tex	% ENSEG:W09:PDF074:0144	source/french_diplomatic/tex/works/GAL1897_W09_RADICALS_MEMOIR.tex	074	translated_aligned	Modern-English segment aligned to the frozen French diplomatic source page; source topology retained.
ENSEG:W09:PDF074:0145	W09	source/english/tex/works/GAL1897_W09_RADICALS_MEMOIR.tex	% ENSEG:W09:PDF074:0145	source/french_diplomatic/tex/works/GAL1897_W09_RADICALS_MEMOIR.tex	074	translated_aligned	Modern-English segment aligned to the frozen French diplomatic source page; source topology retained.
ENSEG:W09:PDF074:0146	W09	source/english/tex/works/GAL1897_W09_RADICALS_MEMOIR.tex	% ENSEG:W09:PDF074:0146	source/french_diplomatic/tex/works/GAL1897_W09_RADICALS_MEMOIR.tex	074	translated_aligned	Modern-English segment aligned to the frozen French diplomatic source page; source topology retained.
ENSEG:W09:PDF074:0147	W09	source/english/tex/works/GAL1897_W09_RADICALS_MEMOIR.tex	% ENSEG:W09:PDF074:0147	source/french_diplomatic/tex/works/GAL1897_W09_RADICALS_MEMOIR.tex	074	translated_aligned	Modern-English segment aligned to the frozen French diplomatic source page; source topology retained.
ENSEG:W09:PDF074:0148	W09	source/english/tex/works/GAL1897_W09_RADICALS_MEMOIR.tex	% ENSEG:W09:PDF074:0148	source/french_diplomatic/tex/works/GAL1897_W09_RADICALS_MEMOIR.tex	074	translated_aligned	Modern-English segment aligned to the frozen French diplomatic source page; source topology retained.
ENSEG:W09:PDF074:0149	W09	source/english/tex/works/GAL1897_W09_RADICALS_MEMOIR.tex	% ENSEG:W09:PDF074:0149	source/french_diplomatic/tex/works/GAL1897_W09_RADICALS_MEMOIR.tex	074	translated_aligned	Modern-English segment aligned to the frozen French diplomatic source page; source topology retained.
ENSEG:W09:PDF074:0150	W09	source/english/tex/works/GAL1897_W09_RADICALS_MEMOIR.tex	% ENSEG:W09:PDF074:0150	source/french_diplomatic/tex/works/GAL1897_W09_RADICALS_MEMOIR.tex	074	translated_aligned	Modern-English segment aligned to the frozen French diplomatic source page; source topology retained.
ENSEG:W09:PDF074:0151	W09	source/english/tex/works/GAL1897_W09_RADICALS_MEMOIR.tex	% ENSEG:W09:PDF074:0151	source/french_diplomatic/tex/works/GAL1897_W09_RADICALS_MEMOIR.tex	074	translated_aligned	Modern-English segment aligned to the frozen French diplomatic source page; source topology retained.
ENSEG:W09:PDF074:0152	W09	source/english/tex/works/GAL1897_W09_RADICALS_MEMOIR.tex	% ENSEG:W09:PDF074:0152	source/french_diplomatic/tex/works/GAL1897_W09_RADICALS_MEMOIR.tex	074	translated_aligned	Modern-English segment aligned to the frozen French diplomatic source page; source topology retained.
ENSEG:W09:PDF074:0153	W09	source/english/tex/works/GAL1897_W09_RADICALS_MEMOIR.tex	% ENSEG:W09:PDF074:0153	source/french_diplomatic/tex/works/GAL1897_W09_RADICALS_MEMOIR.tex	074	translated_aligned	Modern-English segment aligned to the frozen French diplomatic source page; source topology retained.
ENSEG:W09:PDF075:0154	W09	source/english/tex/works/GAL1897_W09_RADICALS_MEMOIR.tex	% ENSEG:W09:PDF075:0154	source/french_diplomatic/tex/works/GAL1897_W09_RADICALS_MEMOIR.tex	075	translated_aligned	Modern-English segment aligned to the frozen French diplomatic source page; source topology retained.
ENSEG:W09:PDF075:0155	W09	source/english/tex/works/GAL1897_W09_RADICALS_MEMOIR.tex	% ENSEG:W09:PDF075:0155	source/french_diplomatic/tex/works/GAL1897_W09_RADICALS_MEMOIR.tex	075	translated_aligned	Modern-English segment aligned to the frozen French diplomatic source page; source topology retained.
ENSEG:W09:PDF075:0156	W09	source/english/tex/works/GAL1897_W09_RADICALS_MEMOIR.tex	% ENSEG:W09:PDF075:0156	source/french_diplomatic/tex/works/GAL1897_W09_RADICALS_MEMOIR.tex	075	translated_aligned	Modern-English segment aligned to the frozen French diplomatic source page; source topology retained.
ENSEG:W09:PDF075:0157	W09	source/english/tex/works/GAL1897_W09_RADICALS_MEMOIR.tex	% ENSEG:W09:PDF075:0157	source/french_diplomatic/tex/works/GAL1897_W09_RADICALS_MEMOIR.tex	075	translated_aligned	Modern-English segment aligned to the frozen French diplomatic source page; source topology retained.
ENSEG:W09:PDF075:0158	W09	source/english/tex/works/GAL1897_W09_RADICALS_MEMOIR.tex	% ENSEG:W09:PDF075:0158	source/french_diplomatic/tex/works/GAL1897_W09_RADICALS_MEMOIR.tex	075	translated_aligned	Modern-English segment aligned to the frozen French diplomatic source page; source topology retained.
ENSEG:W09:PDF075:0159	W09	source/english/tex/works/GAL1897_W09_RADICALS_MEMOIR.tex	% ENSEG:W09:PDF075:0159	source/french_diplomatic/tex/works/GAL1897_W09_RADICALS_MEMOIR.tex	075	translated_aligned	Modern-English segment aligned to the frozen French diplomatic source page; source topology retained.
ENSEG:W09:PDF075:0160	W09	source/english/tex/works/GAL1897_W09_RADICALS_MEMOIR.tex	% ENSEG:W09:PDF075:0160	source/french_diplomatic/tex/works/GAL1897_W09_RADICALS_MEMOIR.tex	075	translated_aligned	Modern-English segment aligned to the frozen French diplomatic source page; source topology retained.
ENSEG:W09:PDF075:0161	W09	source/english/tex/works/GAL1897_W09_RADICALS_MEMOIR.tex	% ENSEG:W09:PDF075:0161	source/french_diplomatic/tex/works/GAL1897_W09_RADICALS_MEMOIR.tex	075	translated_aligned	Modern-English segment aligned to the frozen French diplomatic source page; source topology retained.
ENSEG:W09:PDF075:0162	W09	source/english/tex/works/GAL1897_W09_RADICALS_MEMOIR.tex	% ENSEG:W09:PDF075:0162	source/french_diplomatic/tex/works/GAL1897_W09_RADICALS_MEMOIR.tex	075	translated_aligned	Modern-English segment aligned to the frozen French diplomatic source page; source topology retained.
ENSEG:W09:PDF075:0163	W09	source/english/tex/works/GAL1897_W09_RADICALS_MEMOIR.tex	% ENSEG:W09:PDF075:0163	source/french_diplomatic/tex/works/GAL1897_W09_RADICALS_MEMOIR.tex	075	translated_aligned	Modern-English segment aligned to the frozen French diplomatic source page; source topology retained.
ENSEG:W09:PDF075:0164	W09	source/english/tex/works/GAL1897_W09_RADICALS_MEMOIR.tex	% ENSEG:W09:PDF075:0164	source/french_diplomatic/tex/works/GAL1897_W09_RADICALS_MEMOIR.tex	075	translated_aligned	Modern-English segment aligned to the frozen French diplomatic source page; source topology retained.
ENSEG:W09:PDF075:0165	W09	source/english/tex/works/GAL1897_W09_RADICALS_MEMOIR.tex	% ENSEG:W09:PDF075:0165	source/french_diplomatic/tex/works/GAL1897_W09_RADICALS_MEMOIR.tex	075	translated_aligned	Modern-English segment aligned to the frozen French diplomatic source page; source topology retained.
ENSEG:W09:PDF075:0166	W09	source/english/tex/works/GAL1897_W09_RADICALS_MEMOIR.tex	% ENSEG:W09:PDF075:0166	source/french_diplomatic/tex/works/GAL1897_W09_RADICALS_MEMOIR.tex	075	translated_aligned	Modern-English segment aligned to the frozen French diplomatic source page; source topology retained.
ENSEG:W09:PDF075:0167	W09	source/english/tex/works/GAL1897_W09_RADICALS_MEMOIR.tex	% ENSEG:W09:PDF075:0167	source/french_diplomatic/tex/works/GAL1897_W09_RADICALS_MEMOIR.tex	075	translated_aligned	Modern-English segment aligned to the frozen French diplomatic source page; source topology retained.
ENSEG:W09:PDF076:0168	W09	source/english/tex/works/GAL1897_W09_RADICALS_MEMOIR.tex	% ENSEG:W09:PDF076:0168	source/french_diplomatic/tex/works/GAL1897_W09_RADICALS_MEMOIR.tex	076	translated_aligned	Modern-English segment aligned to the frozen French diplomatic source page; source topology retained.
ENSEG:W09:PDF076:0169	W09	source/english/tex/works/GAL1897_W09_RADICALS_MEMOIR.tex	% ENSEG:W09:PDF076:0169	source/french_diplomatic/tex/works/GAL1897_W09_RADICALS_MEMOIR.tex	076	translated_aligned	Modern-English segment aligned to the frozen French diplomatic source page; source topology retained.
ENSEG:W09:PDF076:0170	W09	source/english/tex/works/GAL1897_W09_RADICALS_MEMOIR.tex	% ENSEG:W09:PDF076:0170	source/french_diplomatic/tex/works/GAL1897_W09_RADICALS_MEMOIR.tex	076	translated_aligned	Modern-English segment aligned to the frozen French diplomatic source page; source topology retained.
ENSEG:W09:PDF076:0171	W09	source/english/tex/works/GAL1897_W09_RADICALS_MEMOIR.tex	% ENSEG:W09:PDF076:0171	source/french_diplomatic/tex/works/GAL1897_W09_RADICALS_MEMOIR.tex	076	translated_aligned	Modern-English segment aligned to the frozen French diplomatic source page; source topology retained.
ENSEG:W09:PDF076:0172	W09	source/english/tex/works/GAL1897_W09_RADICALS_MEMOIR.tex	% ENSEG:W09:PDF076:0172	source/french_diplomatic/tex/works/GAL1897_W09_RADICALS_MEMOIR.tex	076	translated_aligned	Modern-English segment aligned to the frozen French diplomatic source page; source topology retained.
ENSEG:W09:PDF076:0173	W09	source/english/tex/works/GAL1897_W09_RADICALS_MEMOIR.tex	% ENSEG:W09:PDF076:0173	source/french_diplomatic/tex/works/GAL1897_W09_RADICALS_MEMOIR.tex	076	translated_aligned	Modern-English segment aligned to the frozen French diplomatic source page; source topology retained.
ENSEG:W09:PDF076:0174	W09	source/english/tex/works/GAL1897_W09_RADICALS_MEMOIR.tex	% ENSEG:W09:PDF076:0174	source/french_diplomatic/tex/works/GAL1897_W09_RADICALS_MEMOIR.tex	076	translated_aligned	Modern-English segment aligned to the frozen French diplomatic source page; source topology retained.
ENSEG:W09:PDF076:0175	W09	source/english/tex/works/GAL1897_W09_RADICALS_MEMOIR.tex	% ENSEG:W09:PDF076:0175	source/french_diplomatic/tex/works/GAL1897_W09_RADICALS_MEMOIR.tex	076	translated_aligned	Modern-English segment aligned to the frozen French diplomatic source page; source topology retained.
ENSEG:W09:PDF076:0176	W09	source/english/tex/works/GAL1897_W09_RADICALS_MEMOIR.tex	% ENSEG:W09:PDF076:0176	source/french_diplomatic/tex/works/GAL1897_W09_RADICALS_MEMOIR.tex	076	translated_aligned	Modern-English segment aligned to the frozen French diplomatic source page; source topology retained.
ENSEG:W09:PDF076:0177	W09	source/english/tex/works/GAL1897_W09_RADICALS_MEMOIR.tex	% ENSEG:W09:PDF076:0177	source/french_diplomatic/tex/works/GAL1897_W09_RADICALS_MEMOIR.tex	076	translated_aligned	Modern-English segment aligned to the frozen French diplomatic source page; source topology retained.
ENSEG:W09:PDF076:0178	W09	source/english/tex/works/GAL1897_W09_RADICALS_MEMOIR.tex	% ENSEG:W09:PDF076:0178	source/french_diplomatic/tex/works/GAL1897_W09_RADICALS_MEMOIR.tex	076	translated_aligned	Modern-English segment aligned to the frozen French diplomatic source page; source topology retained.
ENSEG:W09:PDF076:0179	W09	source/english/tex/works/GAL1897_W09_RADICALS_MEMOIR.tex	% ENSEG:W09:PDF076:0179	source/french_diplomatic/tex/works/GAL1897_W09_RADICALS_MEMOIR.tex	076	translated_aligned	Modern-English segment aligned to the frozen French diplomatic source page; source topology retained.
ENSEG:W09:PDF076:0180	W09	source/english/tex/works/GAL1897_W09_RADICALS_MEMOIR.tex	% ENSEG:W09:PDF076:0180	source/french_diplomatic/tex/works/GAL1897_W09_RADICALS_MEMOIR.tex	076	translated_aligned	Modern-English segment aligned to the frozen French diplomatic source page; source topology retained.
ENSEG:W09:PDF076:0181	W09	source/english/tex/works/GAL1897_W09_RADICALS_MEMOIR.tex	% ENSEG:W09:PDF076:0181	source/french_diplomatic/tex/works/GAL1897_W09_RADICALS_MEMOIR.tex	076	translated_aligned	Modern-English segment aligned to the frozen French diplomatic source page; source topology retained.
ENSEG:W09:PDF076:0182	W09	source/english/tex/works/GAL1897_W09_RADICALS_MEMOIR.tex	% ENSEG:W09:PDF076:0182	source/french_diplomatic/tex/works/GAL1897_W09_RADICALS_MEMOIR.tex	076	translated_aligned	Modern-English segment aligned to the frozen French diplomatic source page; source topology retained.
ENSEG:W09:PDF077:0183	W09	source/english/tex/works/GAL1897_W09_RADICALS_MEMOIR.tex	% ENSEG:W09:PDF077:0183	source/french_diplomatic/tex/works/GAL1897_W09_RADICALS_MEMOIR.tex	077	translated_aligned	Modern-English segment aligned to the frozen French diplomatic source page; source topology retained.
ENSEG:W09:PDF077:0184	W09	source/english/tex/works/GAL1897_W09_RADICALS_MEMOIR.tex	% ENSEG:W09:PDF077:0184	source/french_diplomatic/tex/works/GAL1897_W09_RADICALS_MEMOIR.tex	077	translated_aligned	Modern-English segment aligned to the frozen French diplomatic source page; source topology retained.
ENSEG:W09:PDF077:0185	W09	source/english/tex/works/GAL1897_W09_RADICALS_MEMOIR.tex	% ENSEG:W09:PDF077:0185	source/french_diplomatic/tex/works/GAL1897_W09_RADICALS_MEMOIR.tex	077	translated_aligned	Modern-English segment aligned to the frozen French diplomatic source page; source topology retained.
ENSEG:W09:PDF077:0186	W09	source/english/tex/works/GAL1897_W09_RADICALS_MEMOIR.tex	% ENSEG:W09:PDF077:0186	source/french_diplomatic/tex/works/GAL1897_W09_RADICALS_MEMOIR.tex	077	translated_aligned	Modern-English segment aligned to the frozen French diplomatic source page; source topology retained.
ENSEG:W09:PDF077:0187	W09	source/english/tex/works/GAL1897_W09_RADICALS_MEMOIR.tex	% ENSEG:W09:PDF077:0187	source/french_diplomatic/tex/works/GAL1897_W09_RADICALS_MEMOIR.tex	077	translated_aligned	Modern-English segment aligned to the frozen French diplomatic source page; source topology retained.
ENSEG:W09:PDF077:0188	W09	source/english/tex/works/GAL1897_W09_RADICALS_MEMOIR.tex	% ENSEG:W09:PDF077:0188	source/french_diplomatic/tex/works/GAL1897_W09_RADICALS_MEMOIR.tex	077	translated_aligned	Modern-English segment aligned to the frozen French diplomatic source page; source topology retained.
ENSEG:W09:PDF077:0189	W09	source/english/tex/works/GAL1897_W09_RADICALS_MEMOIR.tex	% ENSEG:W09:PDF077:0189	source/french_diplomatic/tex/works/GAL1897_W09_RADICALS_MEMOIR.tex	077	translated_aligned	Modern-English segment aligned to the frozen French diplomatic source page; source topology retained.
ENSEG:W09:PDF077:0190	W09	source/english/tex/works/GAL1897_W09_RADICALS_MEMOIR.tex	% ENSEG:W09:PDF077:0190	source/french_diplomatic/tex/works/GAL1897_W09_RADICALS_MEMOIR.tex	077	translated_aligned	Modern-English segment aligned to the frozen French diplomatic source page; source topology retained.
ENSEG:W09:PDF077:0191	W09	source/english/tex/works/GAL1897_W09_RADICALS_MEMOIR.tex	% ENSEG:W09:PDF077:0191	source/french_diplomatic/tex/works/GAL1897_W09_RADICALS_MEMOIR.tex	077	translated_aligned	Modern-English segment aligned to the frozen French diplomatic source page; source topology retained.
ENSEG:W09:PDF077:0192	W09	source/english/tex/works/GAL1897_W09_RADICALS_MEMOIR.tex	% ENSEG:W09:PDF077:0192	source/french_diplomatic/tex/works/GAL1897_W09_RADICALS_MEMOIR.tex	077	translated_aligned	Modern-English segment aligned to the frozen French diplomatic source page; source topology retained.
ENSEG:W09:PDF077:0193	W09	source/english/tex/works/GAL1897_W09_RADICALS_MEMOIR.tex	% ENSEG:W09:PDF077:0193	source/french_diplomatic/tex/works/GAL1897_W09_RADICALS_MEMOIR.tex	077	translated_aligned	Modern-English segment aligned to the frozen French diplomatic source page; source topology retained.
ENSEG:W09:PDF077:0194	W09	source/english/tex/works/GAL1897_W09_RADICALS_MEMOIR.tex	% ENSEG:W09:PDF077:0194	source/french_diplomatic/tex/works/GAL1897_W09_RADICALS_MEMOIR.tex	077	translated_aligned	Modern-English segment aligned to the frozen French diplomatic source page; source topology retained.
ENSEG:W09:PDF077:0195	W09	source/english/tex/works/GAL1897_W09_RADICALS_MEMOIR.tex	% ENSEG:W09:PDF077:0195	source/french_diplomatic/tex/works/GAL1897_W09_RADICALS_MEMOIR.tex	077	translated_aligned	Modern-English segment aligned to the frozen French diplomatic source page; source topology retained.
ENSEG:W09:PDF077:0196	W09	source/english/tex/works/GAL1897_W09_RADICALS_MEMOIR.tex	% ENSEG:W09:PDF077:0196	source/french_diplomatic/tex/works/GAL1897_W09_RADICALS_MEMOIR.tex	077	translated_aligned	Modern-English segment aligned to the frozen French diplomatic source page; source topology retained.
ENSEG:W09:PDF077:0197	W09	source/english/tex/works/GAL1897_W09_RADICALS_MEMOIR.tex	% ENSEG:W09:PDF077:0197	source/french_diplomatic/tex/works/GAL1897_W09_RADICALS_MEMOIR.tex	077	translated_aligned	Modern-English segment aligned to the frozen French diplomatic source page; source topology retained.
ENSEG:W09:PDF078:0198	W09	source/english/tex/works/GAL1897_W09_RADICALS_MEMOIR.tex	% ENSEG:W09:PDF078:0198	source/french_diplomatic/tex/works/GAL1897_W09_RADICALS_MEMOIR.tex	078	translated_aligned	Modern-English segment aligned to the frozen French diplomatic source page; source topology retained.
ENSEG:W09:PDF078:0199	W09	source/english/tex/works/GAL1897_W09_RADICALS_MEMOIR.tex	% ENSEG:W09:PDF078:0199	source/french_diplomatic/tex/works/GAL1897_W09_RADICALS_MEMOIR.tex	078	translated_aligned	Modern-English segment aligned to the frozen French diplomatic source page; source topology retained.
ENSEG:W09:PDF078:0200	W09	source/english/tex/works/GAL1897_W09_RADICALS_MEMOIR.tex	% ENSEG:W09:PDF078:0200	source/french_diplomatic/tex/works/GAL1897_W09_RADICALS_MEMOIR.tex	078	translated_aligned	Modern-English segment aligned to the frozen French diplomatic source page; source topology retained.
ENSEG:W09:PDF078:0201	W09	source/english/tex/works/GAL1897_W09_RADICALS_MEMOIR.tex	% ENSEG:W09:PDF078:0201	source/french_diplomatic/tex/works/GAL1897_W09_RADICALS_MEMOIR.tex	078	translated_aligned	Modern-English segment aligned to the frozen French diplomatic source page; source topology retained.
ENSEG:W09:PDF078:0202	W09	source/english/tex/works/GAL1897_W09_RADICALS_MEMOIR.tex	% ENSEG:W09:PDF078:0202	source/french_diplomatic/tex/works/GAL1897_W09_RADICALS_MEMOIR.tex	078	translated_aligned	Modern-English segment aligned to the frozen French diplomatic source page; source topology retained.
ENSEG:W09:PDF078:0203	W09	source/english/tex/works/GAL1897_W09_RADICALS_MEMOIR.tex	% ENSEG:W09:PDF078:0203	source/french_diplomatic/tex/works/GAL1897_W09_RADICALS_MEMOIR.tex	078	translated_aligned	Modern-English segment aligned to the frozen French diplomatic source page; source topology retained.
ENSEG:W09:PDF078:0204	W09	source/english/tex/works/GAL1897_W09_RADICALS_MEMOIR.tex	% ENSEG:W09:PDF078:0204	source/french_diplomatic/tex/works/GAL1897_W09_RADICALS_MEMOIR.tex	078	translated_aligned	Modern-English segment aligned to the frozen French diplomatic source page; source topology retained.
ENSEG:W09:PDF078:0205	W09	source/english/tex/works/GAL1897_W09_RADICALS_MEMOIR.tex	% ENSEG:W09:PDF078:0205	source/french_diplomatic/tex/works/GAL1897_W09_RADICALS_MEMOIR.tex	078	translated_aligned	Modern-English segment aligned to the frozen French diplomatic source page; source topology retained.
ENSEG:W09:PDF078:0206	W09	source/english/tex/works/GAL1897_W09_RADICALS_MEMOIR.tex	% ENSEG:W09:PDF078:0206	source/french_diplomatic/tex/works/GAL1897_W09_RADICALS_MEMOIR.tex	078	translated_aligned	Modern-English segment aligned to the frozen French diplomatic source page; source topology retained.
ENSEG:W09:PDF078:0207	W09	source/english/tex/works/GAL1897_W09_RADICALS_MEMOIR.tex	% ENSEG:W09:PDF078:0207	source/french_diplomatic/tex/works/GAL1897_W09_RADICALS_MEMOIR.tex	078	translated_aligned	Modern-English segment aligned to the frozen French diplomatic source page; source topology retained.
ENSEG:W09:PDF078:0208	W09	source/english/tex/works/GAL1897_W09_RADICALS_MEMOIR.tex	% ENSEG:W09:PDF078:0208	source/french_diplomatic/tex/works/GAL1897_W09_RADICALS_MEMOIR.tex	078	translated_aligned	Modern-English segment aligned to the frozen French diplomatic source page; source topology retained.
ENSEG:W09:PDF078:0209	W09	source/english/tex/works/GAL1897_W09_RADICALS_MEMOIR.tex	% ENSEG:W09:PDF078:0209	source/french_diplomatic/tex/works/GAL1897_W09_RADICALS_MEMOIR.tex	078	translated_aligned	Modern-English segment aligned to the frozen French diplomatic source page; source topology retained.
ENSEG:W09:PDF078:0210	W09	source/english/tex/works/GAL1897_W09_RADICALS_MEMOIR.tex	% ENSEG:W09:PDF078:0210	source/french_diplomatic/tex/works/GAL1897_W09_RADICALS_MEMOIR.tex	078	translated_aligned	Modern-English segment aligned to the frozen French diplomatic source page; source topology retained.
ENSEG:W09:PDF078:0211	W09	source/english/tex/works/GAL1897_W09_RADICALS_MEMOIR.tex	% ENSEG:W09:PDF078:0211	source/french_diplomatic/tex/works/GAL1897_W09_RADICALS_MEMOIR.tex	078	translated_aligned	Modern-English segment aligned to the frozen French diplomatic source page; source topology retained.
ENSEG:W09:PDF079:0212	W09	source/english/tex/works/GAL1897_W09_RADICALS_MEMOIR.tex	% ENSEG:W09:PDF079:0212	source/french_diplomatic/tex/works/GAL1897_W09_RADICALS_MEMOIR.tex	079	translated_aligned	Modern-English segment aligned to the frozen French diplomatic source page; source topology retained.
ENSEG:W09:PDF079:0213	W09	source/english/tex/works/GAL1897_W09_RADICALS_MEMOIR.tex	% ENSEG:W09:PDF079:0213	source/french_diplomatic/tex/works/GAL1897_W09_RADICALS_MEMOIR.tex	079	translated_aligned	Modern-English segment aligned to the frozen French diplomatic source page; source topology retained.
ENSEG:W09:PDF079:0214	W09	source/english/tex/works/GAL1897_W09_RADICALS_MEMOIR.tex	% ENSEG:W09:PDF079:0214	source/french_diplomatic/tex/works/GAL1897_W09_RADICALS_MEMOIR.tex	079	translated_aligned	Modern-English segment aligned to the frozen French diplomatic source page; source topology retained.
ENSEG:W09:PDF079:0215	W09	source/english/tex/works/GAL1897_W09_RADICALS_MEMOIR.tex	% ENSEG:W09:PDF079:0215	source/french_diplomatic/tex/works/GAL1897_W09_RADICALS_MEMOIR.tex	079	translated_aligned	Modern-English segment aligned to the frozen French diplomatic source page; source topology retained.
ENSEG:W10:PDF080:0001	W10	source/english/tex/works/GAL1897_W10_PRIMITIVE_EQUATIONS.tex	% ENSEG:W10:PDF080:0001	source/french_diplomatic/tex/works/GAL1897_W10_PRIMITIVE_EQUATIONS.tex	080	translated_aligned	Modern-English segment aligned to the frozen French diplomatic source page; source topology retained.
ENSEG:W10:PDF080:0002	W10	source/english/tex/works/GAL1897_W10_PRIMITIVE_EQUATIONS.tex	% ENSEG:W10:PDF080:0002	source/french_diplomatic/tex/works/GAL1897_W10_PRIMITIVE_EQUATIONS.tex	080	translated_aligned	Modern-English segment aligned to the frozen French diplomatic source page; source topology retained.
ENSEG:W10:PDF080:0003	W10	source/english/tex/works/GAL1897_W10_PRIMITIVE_EQUATIONS.tex	% ENSEG:W10:PDF080:0003	source/french_diplomatic/tex/works/GAL1897_W10_PRIMITIVE_EQUATIONS.tex	080	translated_aligned	Modern-English segment aligned to the frozen French diplomatic source page; source topology retained.
ENSEG:W10:PDF080:0004	W10	source/english/tex/works/GAL1897_W10_PRIMITIVE_EQUATIONS.tex	% ENSEG:W10:PDF080:0004	source/french_diplomatic/tex/works/GAL1897_W10_PRIMITIVE_EQUATIONS.tex	080	translated_aligned	Modern-English segment aligned to the frozen French diplomatic source page; source topology retained.
ENSEG:W10:PDF080:0005	W10	source/english/tex/works/GAL1897_W10_PRIMITIVE_EQUATIONS.tex	% ENSEG:W10:PDF080:0005	source/french_diplomatic/tex/works/GAL1897_W10_PRIMITIVE_EQUATIONS.tex	080	translated_aligned	Modern-English segment aligned to the frozen French diplomatic source page; source topology retained.
ENSEG:W10:PDF080:0006	W10	source/english/tex/works/GAL1897_W10_PRIMITIVE_EQUATIONS.tex	% ENSEG:W10:PDF080:0006	source/french_diplomatic/tex/works/GAL1897_W10_PRIMITIVE_EQUATIONS.tex	080	translated_aligned	Modern-English segment aligned to the frozen French diplomatic source page; source topology retained.
ENSEG:W10:PDF080:0007	W10	source/english/tex/works/GAL1897_W10_PRIMITIVE_EQUATIONS.tex	% ENSEG:W10:PDF080:0007	source/french_diplomatic/tex/works/GAL1897_W10_PRIMITIVE_EQUATIONS.tex	080	translated_aligned	Modern-English segment aligned to the frozen French diplomatic source page; source topology retained.
ENSEG:W10:PDF081:0008	W10	source/english/tex/works/GAL1897_W10_PRIMITIVE_EQUATIONS.tex	% ENSEG:W10:PDF081:0008	source/french_diplomatic/tex/works/GAL1897_W10_PRIMITIVE_EQUATIONS.tex	081	translated_aligned	Modern-English segment aligned to the frozen French diplomatic source page; source topology retained.
ENSEG:W10:PDF081:0009	W10	source/english/tex/works/GAL1897_W10_PRIMITIVE_EQUATIONS.tex	% ENSEG:W10:PDF081:0009	source/french_diplomatic/tex/works/GAL1897_W10_PRIMITIVE_EQUATIONS.tex	081	translated_aligned	Modern-English segment aligned to the frozen French diplomatic source page; source topology retained.
ENSEG:W10:PDF081:0010	W10	source/english/tex/works/GAL1897_W10_PRIMITIVE_EQUATIONS.tex	% ENSEG:W10:PDF081:0010	source/french_diplomatic/tex/works/GAL1897_W10_PRIMITIVE_EQUATIONS.tex	081	translated_aligned	Modern-English segment aligned to the frozen French diplomatic source page; source topology retained.
ENSEG:W10:PDF082:0011	W10	source/english/tex/works/GAL1897_W10_PRIMITIVE_EQUATIONS.tex	% ENSEG:W10:PDF082:0011	source/french_diplomatic/tex/works/GAL1897_W10_PRIMITIVE_EQUATIONS.tex	082	translated_aligned	Modern-English segment aligned to the frozen French diplomatic source page; source topology retained.
ENSEG:W10:PDF082:0012	W10	source/english/tex/works/GAL1897_W10_PRIMITIVE_EQUATIONS.tex	% ENSEG:W10:PDF082:0012	source/french_diplomatic/tex/works/GAL1897_W10_PRIMITIVE_EQUATIONS.tex	082	translated_aligned	Modern-English segment aligned to the frozen French diplomatic source page; source topology retained.
ENSEG:W10:PDF082:0013	W10	source/english/tex/works/GAL1897_W10_PRIMITIVE_EQUATIONS.tex	% ENSEG:W10:PDF082:0013	source/french_diplomatic/tex/works/GAL1897_W10_PRIMITIVE_EQUATIONS.tex	082	translated_aligned	Modern-English segment aligned to the frozen French diplomatic source page; source topology retained.
ENSEG:W10:PDF082:0014	W10	source/english/tex/works/GAL1897_W10_PRIMITIVE_EQUATIONS.tex	% ENSEG:W10:PDF082:0014	source/french_diplomatic/tex/works/GAL1897_W10_PRIMITIVE_EQUATIONS.tex	082	translated_aligned	Modern-English segment aligned to the frozen French diplomatic source page; source topology retained.
ENSEG:W10:PDF082:0015	W10	source/english/tex/works/GAL1897_W10_PRIMITIVE_EQUATIONS.tex	% ENSEG:W10:PDF082:0015	source/french_diplomatic/tex/works/GAL1897_W10_PRIMITIVE_EQUATIONS.tex	082	translated_aligned	Modern-English segment aligned to the frozen French diplomatic source page; source topology retained.
ENSEG:W10:PDF083:0016	W10	source/english/tex/works/GAL1897_W10_PRIMITIVE_EQUATIONS.tex	% ENSEG:W10:PDF083:0016	source/french_diplomatic/tex/works/GAL1897_W10_PRIMITIVE_EQUATIONS.tex	083	translated_aligned	Modern-English segment aligned to the frozen French diplomatic source page; source topology retained.
ENSEG:W10:PDF084:0017	W10	source/english/tex/works/GAL1897_W10_PRIMITIVE_EQUATIONS.tex	% ENSEG:W10:PDF084:0017	source/french_diplomatic/tex/works/GAL1897_W10_PRIMITIVE_EQUATIONS.tex	084	translated_aligned	Modern-English segment aligned to the frozen French diplomatic source page; source topology retained.
ENSEG:W10:PDF085:0018	W10	source/english/tex/works/GAL1897_W10_PRIMITIVE_EQUATIONS.tex	% ENSEG:W10:PDF085:0018	source/french_diplomatic/tex/works/GAL1897_W10_PRIMITIVE_EQUATIONS.tex	085	translated_aligned	Modern-English segment aligned to the frozen French diplomatic source page; source topology retained.
ENSEG:W10:PDF086:0019	W10	source/english/tex/works/GAL1897_W10_PRIMITIVE_EQUATIONS.tex	% ENSEG:W10:PDF086:0019	source/french_diplomatic/tex/works/GAL1897_W10_PRIMITIVE_EQUATIONS.tex	086	translated_aligned	Modern-English segment aligned to the frozen French diplomatic source page; source topology retained.
ENSEG:W10:PDF086:0020	W10	source/english/tex/works/GAL1897_W10_PRIMITIVE_EQUATIONS.tex	% ENSEG:W10:PDF086:0020	source/french_diplomatic/tex/works/GAL1897_W10_PRIMITIVE_EQUATIONS.tex	086	translated_aligned	Modern-English segment aligned to the frozen French diplomatic source page; source topology retained.
ENSEG:W10:PDF087:0021	W10	source/english/tex/works/GAL1897_W10_PRIMITIVE_EQUATIONS.tex	% ENSEG:W10:PDF087:0021	source/french_diplomatic/tex/works/GAL1897_W10_PRIMITIVE_EQUATIONS.tex	087	translated_aligned	Modern-English segment aligned to the frozen French diplomatic source page; source topology retained.
ENSEG:W10:PDF087:0022	W10	source/english/tex/works/GAL1897_W10_PRIMITIVE_EQUATIONS.tex	% ENSEG:W10:PDF087:0022	source/french_diplomatic/tex/works/GAL1897_W10_PRIMITIVE_EQUATIONS.tex	087	translated_aligned	Modern-English segment aligned to the frozen French diplomatic source page; source topology retained.
ENSEG:W10:PDF088:0023	W10	source/english/tex/works/GAL1897_W10_PRIMITIVE_EQUATIONS.tex	% ENSEG:W10:PDF088:0023	source/french_diplomatic/tex/works/GAL1897_W10_PRIMITIVE_EQUATIONS.tex	088	translated_aligned	Modern-English segment aligned to the frozen French diplomatic source page; source topology retained.
ENSEG:W10:PDF088:0024	W10	source/english/tex/works/GAL1897_W10_PRIMITIVE_EQUATIONS.tex	% ENSEG:W10:PDF088:0024	source/french_diplomatic/tex/works/GAL1897_W10_PRIMITIVE_EQUATIONS.tex	088	translated_aligned	Modern-English segment aligned to the frozen French diplomatic source page; source topology retained.
ENSEG:W11:PDF092:0001	W11	source/english/tex/works/GAL1897_W11_BACKMATTER.tex	% ENSEG:W11:PDF092:0001	source/french_diplomatic/tex/works/GAL1897_W11_BACKMATTER.tex	092	translated_aligned	Modern-English segment aligned to the frozen French diplomatic source page; source topology retained.
ENSEG:W11:PDF092:0002	W11	source/english/tex/works/GAL1897_W11_BACKMATTER.tex	% ENSEG:W11:PDF092:0002	source/french_diplomatic/tex/works/GAL1897_W11_BACKMATTER.tex	092	translated_aligned	Modern-English segment aligned to the frozen French diplomatic source page; source topology retained.
ENSEG:W11:PDF092:0003	W11	source/english/tex/works/GAL1897_W11_BACKMATTER.tex	% ENSEG:W11:PDF092:0003	source/french_diplomatic/tex/works/GAL1897_W11_BACKMATTER.tex	092	translated_aligned	Modern-English segment aligned to the frozen French diplomatic source page; source topology retained.
ENSEG:W11:PDF092:0004	W11	source/english/tex/works/GAL1897_W11_BACKMATTER.tex	% ENSEG:W11:PDF092:0004	source/french_diplomatic/tex/works/GAL1897_W11_BACKMATTER.tex	092	translated_aligned	Modern-English segment aligned to the frozen French diplomatic source page; source topology retained.
ENSEG:W11:PDF092:0005	W11	source/english/tex/works/GAL1897_W11_BACKMATTER.tex	% ENSEG:W11:PDF092:0005	source/french_diplomatic/tex/works/GAL1897_W11_BACKMATTER.tex	092	translated_aligned	Modern-English segment aligned to the frozen French diplomatic source page; source topology retained.
ENSEG:W11:PDF092:0006	W11	source/english/tex/works/GAL1897_W11_BACKMATTER.tex	% ENSEG:W11:PDF092:0006	source/french_diplomatic/tex/works/GAL1897_W11_BACKMATTER.tex	092	translated_aligned	Modern-English segment aligned to the frozen French diplomatic source page; source topology retained.
ENSEG:W11:PDF092:0007	W11	source/english/tex/works/GAL1897_W11_BACKMATTER.tex	% ENSEG:W11:PDF092:0007	source/french_diplomatic/tex/works/GAL1897_W11_BACKMATTER.tex	092	translated_aligned	Modern-English segment aligned to the frozen French diplomatic source page; source topology retained.
ENSEG:W11:PDF092:0008	W11	source/english/tex/works/GAL1897_W11_BACKMATTER.tex	% ENSEG:W11:PDF092:0008	source/french_diplomatic/tex/works/GAL1897_W11_BACKMATTER.tex	092	translated_aligned	Modern-English segment aligned to the frozen French diplomatic source page; source topology retained.
ENSEG:W11:PDF092:0009	W11	source/english/tex/works/GAL1897_W11_BACKMATTER.tex	% ENSEG:W11:PDF092:0009	source/french_diplomatic/tex/works/GAL1897_W11_BACKMATTER.tex	092	translated_aligned	Modern-English segment aligned to the frozen French diplomatic source page; source topology retained.
ENSEG:W11:PDF092:0010	W11	source/english/tex/works/GAL1897_W11_BACKMATTER.tex	% ENSEG:W11:PDF092:0010	source/french_diplomatic/tex/works/GAL1897_W11_BACKMATTER.tex	092	translated_aligned	Modern-English segment aligned to the frozen French diplomatic source page; source topology retained.
ENSEG:W11:PDF092:0011	W11	source/english/tex/works/GAL1897_W11_BACKMATTER.tex	% ENSEG:W11:PDF092:0011	source/french_diplomatic/tex/works/GAL1897_W11_BACKMATTER.tex	092	translated_aligned	Modern-English segment aligned to the frozen French diplomatic source page; source topology retained.
ENSEG:W11:PDF092:0012	W11	source/english/tex/works/GAL1897_W11_BACKMATTER.tex	% ENSEG:W11:PDF092:0012	source/french_diplomatic/tex/works/GAL1897_W11_BACKMATTER.tex	092	translated_aligned	Modern-English segment aligned to the frozen French diplomatic source page; source topology retained.
ENSEG:W11:PDF092:0013	W11	source/english/tex/works/GAL1897_W11_BACKMATTER.tex	% ENSEG:W11:PDF092:0013	source/french_diplomatic/tex/works/GAL1897_W11_BACKMATTER.tex	092	translated_aligned	Modern-English segment aligned to the frozen French diplomatic source page; source topology retained.
ENSEG:W11:PDF092:0014	W11	source/english/tex/works/GAL1897_W11_BACKMATTER.tex	% ENSEG:W11:PDF092:0014	source/french_diplomatic/tex/works/GAL1897_W11_BACKMATTER.tex	092	translated_aligned	Modern-English segment aligned to the frozen French diplomatic source page; source topology retained.
ENSEG:W11:PDF092:0015	W11	source/english/tex/works/GAL1897_W11_BACKMATTER.tex	% ENSEG:W11:PDF092:0015	source/french_diplomatic/tex/works/GAL1897_W11_BACKMATTER.tex	092	translated_aligned	Modern-English segment aligned to the frozen French diplomatic source page; source topology retained.
ENSEG:W11:PDF092:0016	W11	source/english/tex/works/GAL1897_W11_BACKMATTER.tex	% ENSEG:W11:PDF092:0016	source/french_diplomatic/tex/works/GAL1897_W11_BACKMATTER.tex	092	translated_aligned	Modern-English segment aligned to the frozen French diplomatic source page; source topology retained.
ENSEG:W11:PDF093:0017	W11	source/english/tex/works/GAL1897_W11_BACKMATTER.tex	% ENSEG:W11:PDF093:0017	source/french_diplomatic/tex/works/GAL1897_W11_BACKMATTER.tex	093	translated_aligned	Modern-English segment aligned to the frozen French diplomatic source page; source topology retained.
ENSEG:W11:PDF093:0018	W11	source/english/tex/works/GAL1897_W11_BACKMATTER.tex	% ENSEG:W11:PDF093:0018	source/french_diplomatic/tex/works/GAL1897_W11_BACKMATTER.tex	093	translated_aligned	Modern-English segment aligned to the frozen French diplomatic source page; source topology retained.
